ad_id,xyz_campaign_id,fb_campaign_id,age,gender,interest,Impressions,Clicks,Spent,enq_conv,buy_conv,tot_conv,enqconval,buyconval,total_conval,ROAS
708746,916,103916,20-29,1,15,7350,1,1.429999948,2,1,3,10,100,110,76.92307972
708749,916,103917,20-29,1,16,17861,2,1.820000023,2,0,2,10,0,10,5.494505425
708815,916,103928,20-29,1,28,4259,1,1.25,1,0,1,5,0,5,4
708818,916,103928,20-29,1,28,4133,1,1.289999962,1,1,2,5,100,105,81.39535123
708889,916,103940,20-29,1,15,15615,3,4.769999981,1,0,1,5,0,5,1.048218034
708895,916,103941,20-29,1,16,10951,1,1.269999981,1,1,2,5,100,105,82.67716659
708953,916,103951,20-29,1,27,2355,1,1.5,1,0,1,5,0,5,3.333333333
708958,916,103952,20-29,1,28,9502,3,3.159999967,1,0,1,5,0,5,1.582278498
709059,916,103968,20-29,1,20,14669,7,10.28000021,1,1,2,5,100,105,10.21400757
709115,916,103978,20-29,1,30,2305,1,0.569999993,1,0,1,5,0,5,8.771929932
709179,916,103988,30-39,1,15,4627,1,1.690000057,1,0,1,5,0,5,2.958579782
709183,916,103989,30-39,1,16,21026,4,4.630000114,2,1,3,10,100,110,23.75809877
709323,916,104012,30-39,1,15,7132,2,2.609999895,1,0,1,5,0,5,1.915708889
709326,916,104013,30-39,1,16,12190,2,3.049999952,1,0,1,5,0,5,1.639344288
709327,916,104013,30-39,1,16,12193,2,3.059999943,1,1,2,5,100,105,34.31372613
709544,916,104049,30-39,1,29,7440,2,2.980000019,1,1,2,5,100,105,35.2348991
709614,916,104061,40-49,1,16,19113,4,5.5200001,1,0,1,5,0,5,0.905797085
709756,916,104085,40-49,1,16,10976,2,1.690000057,1,1,2,5,100,105,62.13017542
709901,916,104109,40-49,1,16,23817,7,8.470000148,1,1,2,5,100,105,12.396694
710045,916,104133,50-59,1,16,47224,12,15.82000017,1,0,1,5,0,5,0.316055622
710088,916,104140,50-59,1,24,2283,1,1.470000029,1,0,1,5,0,5,3.401360477
710360,916,104185,50-59,1,21,2182,1,1.529999971,1,1,2,5,100,105,68.62745228
710480,916,104205,20-29,2,16,57665,14,18.06999969,1,1,2,5,100,105,5.810736126
710571,916,104220,20-29,2,32,3091,1,1.610000014,1,1,2,5,100,105,65.21739074
710617,916,104228,20-29,2,15,5014,1,1.190000057,1,0,1,5,0,5,4.201680471
710623,916,104229,20-29,2,16,38726,7,9.220000267,1,0,1,5,0,5,0.542299334
710763,916,104252,20-29,2,15,5369,1,1.50999999,1,0,1,5,0,5,3.3112583
710836,916,104265,20-29,2,29,22221,7,9.430000067,1,1,2,5,100,105,11.13467649
710880,916,104272,20-29,2,65,13019,5,6.960000038,1,0,1,5,0,5,0.718390801
710961,916,104285,30-39,2,25,2508,1,1.220000029,1,0,1,5,0,5,4.098360558
710968,916,104287,30-39,2,27,5864,2,2.799999952,1,1,2,5,100,105,37.50000064
711217,916,104328,30-39,2,20,2783,1,1.600000024,1,0,1,5,0,5,3.124999953
711623,916,104396,40-49,2,15,3812,1,1.129999995,2,1,3,10,100,110,97.34513317
711764,916,104419,50-59,2,10,11199,4,5.730000019,1,1,2,5,100,105,18.32460727
711877,916,104438,50-59,2,63,17572,7,9.379999995,1,0,1,5,0,5,0.533049041
734210,936,108654,20-29,1,10,13329,4,5.629999995,1,1,2,5,100,105,18.65008883
734215,936,108655,20-29,1,15,13659,3,3.840000033,1,0,1,5,0,5,1.302083322
734290,936,108668,20-29,1,29,5374,1,1.039999962,4,0,4,20,0,20,19.23076993
734352,936,108678,30-39,1,10,4423,1,1.460000038,1,1,2,5,100,105,71.91780635
734361,936,108680,30-39,1,16,12382,2,2.839999914,1,1,2,5,100,105,36.97183211
734381,936,108683,30-39,1,20,2938,1,1.350000024,1,1,2,5,100,105,77.7777764
734421,936,108690,30-39,1,27,10332,4,5.75,1,0,1,5,0,5,0.869565217
734427,936,108691,30-39,1,28,8259,3,3.980000019,1,0,1,5,0,5,1.256281401
734433,936,108692,30-39,1,29,12158,3,4.449999928,1,0,1,5,0,5,1.123595524
734582,936,108716,40-49,1,29,7709,2,1.320000052,2,0,2,10,0,10,7.575757277
734726,936,108740,50-59,1,29,10466,3,4.090000033,1,0,1,5,0,5,1.222493878
734785,936,108750,20-29,2,10,5576,1,1.529999971,1,1,2,5,100,105,68.62745228
734796,936,108752,20-29,2,16,39337,7,10.03000009,1,1,2,5,100,105,10.46859412
734852,936,108761,20-29,2,26,13479,3,4.25,1,0,1,5,0,5,1.176470588
734854,936,108762,20-29,2,27,57022,13,20.29000032,3,3,6,15,300,315,15.52488886
734856,936,108762,20-29,2,27,5453,1,1.389999986,1,1,2,5,100,105,75.53956911
734866,936,108764,20-29,2,29,11803,3,4.440000057,1,0,1,5,0,5,1.126126112
734881,936,108766,20-29,2,31,4259,1,1.570000052,1,1,2,5,100,105,66.87897868
734903,936,108770,20-29,2,64,5323,1,1.289999962,1,1,2,5,100,105,81.39535123
734925,936,108774,30-39,2,10,5024,1,1.409999967,1,1,2,5,100,105,74.46808685
734939,936,108776,30-39,2,16,104648,24,33.33000004,4,2,6,20,200,220,6.600660058
734968,936,108781,30-39,2,22,8504,3,3.340000093,1,1,2,5,100,105,31.43712487
734999,936,108786,30-39,2,27,20277,6,8.050000072,1,0,1,5,0,5,0.621118007
735014,936,108788,30-39,2,29,12403,4,5.210000038,1,1,2,5,100,105,20.15355072
735140,936,108809,40-49,2,26,6907,2,2.349999964,1,0,1,5,0,5,2.127659607
735143,936,108810,40-49,2,27,39035,13,19.32999957,1,0,1,5,0,5,0.258665293
735184,936,108817,40-49,2,63,4412,1,1.450000048,1,0,1,5,0,5,3.448275748
735189,936,108818,40-49,2,64,9965,3,4.050000072,1,0,1,5,0,5,1.234567879
735213,936,108822,50-59,2,10,73634,23,32.97999978,1,0,1,5,0,5,0.151607036
735220,936,108823,50-59,2,15,69708,20,31.28999949,1,0,1,5,0,5,0.159795464
735247,936,108827,50-59,2,20,14257,6,8.789999962,1,0,1,5,0,5,0.568828216
735289,936,108834,50-59,2,27,20362,5,9.119999886,1,1,2,5,100,105,11.51315804
735290,936,108834,50-59,2,27,12215,4,6.26000011,1,0,1,5,0,5,0.798722031
735298,936,108836,50-59,2,29,85412,28,38.63999999,2,1,3,10,100,110,2.846790891
736869,936,109448,20-29,1,2,2338,1,0.239999995,1,0,1,5,0,5,20.83333377
736988,936,109472,20-29,1,28,3891,1,1.090000033,1,0,1,5,0,5,4.587155824
737130,936,109507,30-39,1,16,11199,2,2.680000067,1,0,1,5,0,5,1.865671595
737320,936,109553,30-39,1,63,5676,2,3.00999999,1,0,1,5,0,5,1.661129574
737524,936,109601,40-49,1,30,2148,1,1.580000043,1,1,2,5,100,105,66.45569439
737644,936,109629,50-59,1,16,45401,10,14.06000042,1,0,1,5,0,5,0.355618766
737657,936,109633,50-59,1,18,7478,2,2.900000095,1,1,2,5,100,105,36.20689537
737658,936,109633,50-59,1,18,4919,1,1.590000033,1,0,1,5,0,5,3.144654023
737896,936,109689,20-29,2,16,17553,3,4.590000153,1,0,1,5,0,5,1.089324582
737931,936,109698,20-29,2,20,3343,1,0.540000021,1,0,1,5,0,5,9.259258899
738006,936,109717,20-29,2,27,34740,7,13.41000009,1,1,2,5,100,105,7.829977576
738307,936,109788,30-39,2,31,3010,1,0.860000014,1,1,2,5,100,105,122.0930213
738389,936,109808,40-49,2,10,27081,9,10.77000046,1,1,2,5,100,105,9.749303205
738408,936,109813,40-49,2,16,20233,4,5.590000153,3,0,3,15,0,15,2.683363075
738413,936,109813,40-49,2,16,147159,36,58.16000044,3,1,4,15,100,115,1.977303974
738423,936,109816,40-49,2,18,21664,7,10.61999977,1,1,2,5,100,105,9.887005864
738436,936,109820,40-49,2,19,9112,4,5.460000038,1,1,2,5,100,105,19.2307691
738582,936,109848,50-59,2,10,46150,15,20.17999983,1,1,2,5,100,105,5.203171501
738592,936,109850,50-59,2,16,493821,116,176.3799977,4,1,5,20,100,120,0.680349255
738593,936,109850,50-59,2,16,92011,27,34.39000046,2,1,3,10,100,110,3.198604203
738598,936,109851,50-59,2,18,12956,4,5.49000001,1,1,2,5,100,105,19.12568303
738637,936,109857,50-59,2,24,944,1,1.419999957,1,0,1,5,0,5,3.521126867
738648,936,109859,50-59,2,26,111090,38,51.97000027,5,1,6,25,100,125,2.405233776
747212,936,110836,20-29,1,10,7208,2,3.190000057,1,0,1,5,0,5,1.567398091
747222,936,110838,20-29,1,16,12489,2,1.960000038,1,0,1,5,0,5,2.551020359
747223,936,110838,20-29,1,16,8032,1,0.600000024,2,0,2,10,0,10,16.666666
747362,936,110861,30-39,1,15,4607,1,1.149999976,1,1,2,5,100,105,91.30434973
747369,936,110862,30-39,1,16,13355,2,3.180000067,1,1,2,5,100,105,33.01886723
747401,936,110867,30-39,1,22,2793,1,0.980000019,1,1,2,5,100,105,107.1428551
747489,936,110882,40-49,1,2,4016,2,1.480000049,1,1,2,5,100,105,70.9459436
747514,936,110886,40-49,1,16,14843,3,2.939999938,1,1,2,5,100,105,35.71428647
747645,936,110908,50-59,1,10,9674,3,4.600000024,1,1,2,5,100,105,22.82608684
747659,936,110910,50-59,1,16,12186,2,2.669999957,1,0,1,5,0,5,1.872659206
747791,936,110932,20-29,2,10,31393,8,10.96000051,1,1,2,5,100,105,9.580291525
747795,936,110933,20-29,2,15,8410,2,2.359999895,1,1,2,5,100,105,44.4915274
747798,936,110934,20-29,2,16,25884,5,7.350000143,1,0,1,5,0,5,0.680272096
747828,936,110939,20-29,2,22,28488,10,9.340000033,1,0,1,5,0,5,0.535331904
747852,936,110943,20-29,2,26,10126,3,4.619999886,1,0,1,5,0,5,1.082251109
747859,936,110944,20-29,2,27,22572,5,8.5,1,0,1,5,0,5,0.588235294
747991,936,110966,30-39,2,25,4868,2,2.420000076,1,0,1,5,0,5,2.066115638
748000,936,110967,30-39,2,26,6585,2,2.950000048,1,0,1,5,0,5,1.694915227
748007,936,110968,30-39,2,27,10164,2,3.720000029,1,1,2,5,100,105,28.22580623
748014,936,110970,30-39,2,29,11182,4,4.449999809,1,0,1,5,0,5,1.123595554
748086,936,110982,40-49,2,16,34127,8,13.07000017,1,0,1,5,0,5,0.382555466
748087,936,110982,40-49,2,16,29466,7,10.84999967,2,0,2,10,0,10,0.921659014
748089,936,110982,40-49,2,16,38759,9,10.84999967,1,0,1,5,0,5,0.460829507
748091,936,110982,40-49,2,16,41720,10,12.06000006,1,1,2,5,100,105,8.706467618
748225,936,111005,50-59,2,15,18602,5,8.860000134,1,0,1,5,0,5,0.564334077
748230,936,111006,50-59,2,16,83929,21,27.72999954,4,1,5,20,100,120,4.327443274
748231,936,111006,50-59,2,16,25194,6,7.349999905,1,0,1,5,0,5,0.680272118
748233,936,111006,50-59,2,16,78627,19,26.53000045,1,0,1,5,0,5,0.188465884
748235,936,111006,50-59,2,16,102695,25,39.42999983,3,0,3,15,0,15,0.380421001
748294,936,111016,50-59,2,27,82827,24,47.93000031,3,0,3,15,0,15,0.312956393
748295,936,111016,50-59,2,27,9240,3,6.039999962,1,0,1,5,0,5,0.827814575
748303,936,111018,50-59,2,29,7706,2,2.369999886,1,0,1,5,0,5,2.109704743
748314,936,111020,50-59,2,31,7821,4,6.340000153,1,1,2,5,100,105,16.5615138
776322,936,115485,50-59,2,16,119063,34,53.21999949,1,0,1,5,0,5,0.093949644
776323,936,115485,50-59,2,16,99078,23,35.79999948,2,0,2,10,0,10,0.279329613
776325,936,115485,50-59,2,16,452398,114,180.2200012,1,0,1,5,0,5,0.027743868
776334,936,115487,50-59,2,10,191223,48,76.41000056,1,0,1,5,0,5,0.065436461
776336,936,115487,50-59,2,10,22216,6,9.549999952,1,0,1,5,0,5,0.523560212
776338,936,115487,50-59,2,10,48291,11,18.01999998,1,0,1,5,0,5,0.277469479
776353,936,115490,40-49,2,63,27559,8,13.37,1,0,1,5,0,5,0.373971578
776373,936,115493,50-59,2,25,10194,4,4.590000033,2,1,3,10,100,110,23.96514144
776405,936,115498,50-59,2,21,40126,16,25.86000001,1,0,1,5,0,5,0.193348801
776416,936,115500,50-59,2,19,3659,1,0.49000001,1,1,2,5,100,105,214.2857099
776464,936,115508,50-59,2,29,7550,1,1.679999948,1,1,2,5,100,105,62.50000193
776469,936,115509,50-59,2,28,45397,15,25.41999936,1,1,2,5,100,105,4.130605926
776473,936,115510,20-29,1,16,23086,2,3.310000062,1,1,2,5,100,105,31.72205379
776475,936,115510,20-29,1,16,16425,1,1.549999952,1,0,1,5,0,5,3.225806552
776476,936,115510,20-29,1,16,43756,5,5.439999938,0,0,0,0,0,0,0
776489,936,115512,50-59,2,26,175389,55,81.60999787,1,0,1,5,0,5,0.061267003
776515,936,115517,50-59,2,65,12706,3,4.98999989,1,1,2,5,100,105,21.04208463
776519,936,115517,50-59,2,65,70702,20,31.7099998,1,0,1,5,0,5,0.157678967
776533,936,115520,50-59,2,63,63927,16,25.52000046,2,0,2,10,0,10,0.391849523
776534,936,115520,50-59,2,63,15105,3,4.25999999,1,0,1,5,0,5,1.173708923
776538,936,115521,20-29,2,15,8774,1,1.830000043,1,0,1,5,0,5,2.732240373
776551,936,115523,20-29,2,16,14459,1,1.389999986,1,0,1,5,0,5,3.597122338
776552,936,115523,20-29,2,16,21596,2,2.809999943,1,0,1,5,0,5,1.779359467
776553,936,115523,20-29,2,16,66765,8,11.04999971,1,0,1,5,0,5,0.4524887
776579,936,115527,20-29,2,10,26910,5,7.229999781,1,0,1,5,0,5,0.691562953
776615,936,115533,50-59,1,63,11988,3,4.269999862,1,0,1,5,0,5,1.170960225
776623,936,115535,50-59,1,64,19353,6,9.4799999,1,1,2,5,100,105,11.07594948
776631,936,115536,40-49,1,29,10960,2,2.890000105,1,0,1,5,0,5,1.730103743
776643,936,115538,20-29,1,15,33491,6,10.56999969,2,1,3,10,100,110,10.40681204
776644,936,115538,20-29,1,15,20083,2,3.200000048,2,1,3,10,100,110,34.37499948
776661,936,115541,20-29,1,16,15466,1,0.970000029,1,0,1,5,0,5,5.154639021
776662,936,115541,20-29,1,16,27072,3,4.370000005,1,0,1,5,0,5,1.144164758
776663,936,115541,20-29,1,16,15753,1,0.569999993,1,1,2,5,100,105,184.2105286
776668,936,115542,40-49,1,19,3523,1,1.809999943,1,1,2,5,100,105,58.01105155
776686,936,115545,40-49,1,16,18709,2,3.319999933,1,0,1,5,0,5,1.506024127
776696,936,115547,20-29,1,10,7966,1,1.179999948,1,1,2,5,100,105,88.98305477
776698,936,115547,20-29,1,10,12785,3,4.730000019,2,1,3,10,100,110,23.25581386
776699,936,115547,20-29,1,10,8213,1,1.379999995,1,1,2,5,100,105,76.0869568
776725,936,115552,40-49,1,23,2479,1,1.25999999,1,0,1,5,0,5,3.968254
776780,936,115561,40-49,1,2,3812,2,3.049999952,1,0,1,5,0,5,1.639344288
776799,936,115564,50-59,1,20,10257,3,3.579999924,1,1,2,5,100,105,29.32960956
776817,936,115567,40-49,1,10,12356,4,6.279999971,1,0,1,5,0,5,0.796178348
776825,936,115568,50-59,1,18,7410,1,1.210000038,1,0,1,5,0,5,4.132231275
776829,936,115569,50-59,1,16,140098,28,46.63000011,1,0,1,5,0,5,0.107227107
776831,936,115569,50-59,1,16,107021,20,34.44000012,1,0,1,5,0,5,0.145180023
776840,936,115571,30-39,1,36,2797,1,1.289999962,1,0,1,5,0,5,3.875969106
776861,936,115574,50-59,1,7,16461,6,9.21999979,1,0,1,5,0,5,0.542299362
776892,936,115580,40-49,1,63,17488,5,7.719999909,1,0,1,5,0,5,0.647668401
776928,936,115586,30-39,1,10,9750,2,1.5,1,1,2,5,100,105,70
777105,936,115615,50-59,1,63,4333,1,0.180000007,1,1,2,5,100,105,583.3333106
777187,936,115629,40-49,1,27,11292,3,5.389999866,1,1,2,5,100,105,19.48051996
777198,936,115631,20-29,1,64,12729,4,5.779999852,1,0,1,5,0,5,0.865051925
777235,936,115637,20-29,1,65,2883,1,0.99000001,1,1,2,5,100,105,106.060605
777248,936,115639,20-29,2,7,3989,1,1.279999971,1,0,1,5,0,5,3.906250089
777261,936,115641,40-49,1,29,19603,4,5.279999971,1,1,2,5,100,105,19.88636375
777382,936,115675,40-49,1,24,3047,1,1.379999995,1,0,1,5,0,5,3.623188419
777398,936,115677,30-39,1,24,3029,1,1.049999952,1,1,2,5,100,105,100.0000046
777410,936,115679,50-59,1,26,3490,1,1.340000033,1,1,2,5,100,105,78.35820703
777495,936,115693,40-49,1,19,19581,7,10.42999983,2,0,2,10,0,10,0.958772786
777519,936,115697,50-59,1,29,19537,5,6.099999905,1,0,1,5,0,5,0.819672144
777625,936,115715,50-59,1,16,59433,12,19.65999949,3,0,3,15,0,15,0.762970518
777627,936,115715,50-59,1,16,157534,33,56.19000077,2,0,2,10,0,10,0.177967607
777670,936,115723,40-49,1,16,23769,4,6.029999852,1,0,1,5,0,5,0.829187417
777742,936,115735,30-39,1,64,4726,1,1.830000043,1,1,2,5,100,105,57.37704783
777758,936,115737,20-29,1,19,5209,1,0.959999979,2,0,2,10,0,10,10.41666689
777794,936,115743,20-29,1,18,13473,3,2.619999945,3,0,3,15,0,15,5.72519096
777871,936,115756,20-29,1,20,4616,1,1.360000014,1,0,1,5,0,5,3.67647055
778037,936,115784,30-39,1,27,14615,4,6.050000191,1,0,1,5,0,5,0.826446255
778048,936,115786,20-29,1,27,56615,12,19.88000035,2,0,2,10,0,10,0.5030181
778085,936,115792,20-29,1,26,11735,3,4.529999971,1,1,2,5,100,105,23.1788081
778087,936,115792,20-29,1,26,15910,5,6.779999852,1,0,1,5,0,5,0.737463143
778112,936,115796,30-39,1,29,11446,2,3.090000033,1,1,2,5,100,105,33.98058216
778156,936,115804,20-29,1,28,9388,2,3.140000105,1,0,1,5,0,5,1.592356635
778161,936,115804,20-29,1,28,17954,6,7.5400002,2,1,3,10,100,110,14.58885903
778264,936,115822,40-49,2,27,8152,1,0.99000001,1,0,1,5,0,5,5.050504999
778266,936,115822,40-49,2,27,74542,19,34.1500001,1,0,1,5,0,5,0.146412884
778421,936,115848,40-49,2,20,6699,2,3.090000033,1,0,1,5,0,5,1.61812296
778422,936,115848,40-49,2,20,11911,4,3.959999919,1,0,1,5,0,5,1.262626288
778461,936,115854,40-49,1,29,10090,2,2.650000095,1,1,2,5,100,105,39.62264009
778483,936,115858,40-49,2,18,24188,5,8.179999828,1,0,1,5,0,5,0.611246957
778556,936,115870,40-49,1,32,9735,4,4.130000114,1,1,2,5,100,105,25.42372811
778600,936,115878,40-49,2,22,10750,4,5.389999866,1,0,1,5,0,5,0.927643808
778626,936,115882,20-29,1,29,7629,1,0.720000029,1,1,2,5,100,105,145.8333275
778689,936,115892,20-29,1,28,7453,1,1.679999948,1,1,2,5,100,105,62.50000193
778722,936,115898,30-39,2,64,41785,14,19.10000038,1,0,1,5,0,5,0.2617801
778737,936,115900,30-39,1,27,8077,2,3.579999924,1,1,2,5,100,105,29.32960956
778756,936,115904,30-39,2,63,5602,1,1.580000043,1,0,1,5,0,5,3.164556876
778804,936,115912,20-29,1,26,6184,2,2.75,1,1,2,5,100,105,38.18181818
778964,936,115938,30-39,2,27,112460,25,41.29000068,1,0,1,5,0,5,0.121094694
779106,936,115962,30-39,2,30,14670,7,9.410000324,1,0,1,5,0,5,0.53134961
779438,936,116031,20-29,2,64,33144,9,13.40999985,1,0,1,5,0,5,0.372856082
779453,936,116033,50-59,1,64,4397,1,0.949999988,1,0,1,5,0,5,5.263157961
779573,936,116053,30-39,2,10,89527,24,32.28999996,1,0,1,5,0,5,0.154846702
779609,936,116059,30-39,2,15,7116,2,1.730000019,1,1,2,5,100,105,60.69364095
779622,936,116061,20-29,2,15,8613,1,0.889999986,2,0,2,10,0,10,11.23595523
779631,936,116063,30-39,2,16,9730,1,1.379999995,1,0,1,5,0,5,3.623188419
779644,936,116065,20-29,2,16,51816,8,10.2299999,2,1,3,10,100,110,10.75268828
779645,936,116065,20-29,2,16,27289,3,4.429999828,1,0,1,5,0,5,1.128668215
779715,936,116077,20-29,2,29,20409,4,3.829999924,1,0,1,5,0,5,1.305483055
779716,936,116077,20-29,2,29,8044,1,1.110000014,1,0,1,5,0,5,4.504504448
779738,936,116081,20-29,2,28,15645,4,5.349999905,1,0,1,5,0,5,0.934579456
779789,936,116089,50-59,1,10,11611,3,3.950000048,1,1,2,5,100,105,26.58227816
779824,936,116095,50-59,1,7,9375,3,4.019999981,1,0,1,5,0,5,1.2437811
779871,936,116103,20-29,2,32,4402,1,1.330000043,1,1,2,5,100,105,78.94736587
779918,936,116111,20-29,2,18,8469,2,3.089999914,1,0,1,5,0,5,1.618123022
779922,936,116111,20-29,2,18,5823,1,1.419999957,1,1,2,5,100,105,73.94366421
779979,936,116121,30-39,1,16,25817,4,6.019999981,1,0,1,5,0,5,0.830564787
780104,936,116147,20-29,2,25,4971,1,1.230000019,1,1,2,5,100,105,85.36585234
780318,936,116183,50-59,2,29,162341,56,77.07999969,3,0,3,15,0,15,0.194603011
780323,936,116183,50-59,2,29,24542,7,9.329999924,1,0,1,5,0,5,0.535905685
780498,936,116218,20-29,2,64,13621,3,4.090000033,1,0,1,5,0,5,1.222493878
780511,936,116220,20-29,2,63,6175,1,1.370000005,2,1,3,10,100,110,80.29197051
780653,936,116244,20-29,2,29,9076,1,1.379999995,1,1,2,5,100,105,76.0869568
780655,936,116244,20-29,2,29,20941,4,5.909999967,1,1,2,5,100,105,17.76649756
780760,936,116267,50-59,2,18,17167,5,6.910000086,1,0,1,5,0,5,0.723588992
780797,936,116273,20-29,2,22,24491,7,9.539999962,1,0,1,5,0,5,0.524109017
780799,936,116273,20-29,2,22,44699,13,17.30000037,2,0,2,10,0,10,0.57803467
780821,936,116277,20-29,2,23,6469,2,1.309999943,1,0,1,5,0,5,3.816794059
780830,936,116279,50-59,2,16,16053,3,4.079999924,1,1,2,5,100,105,25.7352946
780835,936,116279,50-59,2,16,54724,12,17.92999995,1,1,2,5,100,105,5.856107099
780867,936,116285,20-29,2,21,4706,1,1.220000029,1,0,1,5,0,5,4.098360558
780974,936,116303,40-49,2,32,8316,3,4.569999933,1,1,2,5,100,105,22.97593031
781066,936,116323,40-49,2,22,5794,2,2.269999981,1,0,1,5,0,5,2.20264319
781114,936,116331,40-49,2,18,4813,1,1.029999971,1,0,1,5,0,5,4.854369069
781159,936,116339,40-49,2,10,85285,26,36.13000035,1,0,1,5,0,5,0.138389149
781162,936,116339,40-49,2,10,5839,1,1.370000005,1,0,1,5,0,5,3.649635023
781175,936,116341,40-49,2,15,5859,1,1.539999962,1,0,1,5,0,5,3.246753327
781187,936,116343,40-49,2,16,164118,41,59.06999993,1,0,1,5,0,5,0.084645336
781195,936,116345,30-39,2,63,18234,6,7.810000062,1,0,1,5,0,5,0.64020486
781303,936,116363,30-39,2,27,73676,20,28.5,1,0,1,5,0,5,0.175438596
781305,936,116363,30-39,2,27,18421,7,10.07999992,1,0,1,5,0,5,0.49603175
781327,936,116367,30-39,2,29,164754,49,67.97999978,2,1,3,10,100,110,1.618122983
781353,936,116371,30-39,2,10,7449,1,1.639999986,1,1,2,5,100,105,64.02439079
781354,936,116371,30-39,2,10,6424,1,0.529999971,1,0,1,5,0,5,9.43396278
781499,936,116395,30-39,1,15,6412,1,1.370000005,1,0,1,5,0,5,3.649635023
781508,936,116397,20-29,2,63,5040,1,1.440000057,1,0,1,5,0,5,3.472222085
781606,936,116413,30-39,1,20,8200,3,3.919999957,1,0,1,5,0,5,1.275510218
781690,936,116427,50-59,2,26,115896,38,49.44000006,1,0,1,5,0,5,0.101132686
781811,936,116447,30-39,2,16,10186,1,1.230000019,1,1,2,5,100,105,85.36585234
781857,936,116455,20-29,1,20,9134,3,4.180000067,2,0,2,10,0,10,2.392344459
781858,936,116455,20-29,1,20,3385,1,1.440000057,1,1,2,5,100,105,72.91666378
781929,936,116467,20-29,1,18,6142,1,1.330000043,1,0,1,5,0,5,3.759398375
781999,936,116479,20-29,1,24,9142,3,3.749999881,1,0,1,5,0,5,1.333333376
782001,936,116479,20-29,1,24,5475,2,2.730000019,1,1,2,5,100,105,38.46153819
782022,936,116483,20-29,2,18,8254,2,2.320000052,1,1,2,5,100,105,45.25861968
782026,936,116483,20-29,2,18,5704,1,1.320000052,1,0,1,5,0,5,3.787878639
782134,936,116501,20-29,2,16,37873,5,6.169999957,1,1,2,5,100,105,17.01782832
782135,936,116501,20-29,2,16,25267,4,4.940000057,2,1,3,10,100,110,22.26720622
782228,936,116517,40-49,2,63,12318,5,6.340000153,1,1,2,5,100,105,16.5615138
782242,936,116519,20-29,2,28,4783,1,0.860000014,1,0,1,5,0,5,5.813953394
782275,936,116525,20-29,2,29,6475,1,1.350000024,1,0,1,5,0,5,3.703703638
782337,936,116535,50-59,2,16,104578,29,39.25000095,1,1,2,5,100,105,2.675159171
782407,936,116547,50-59,2,10,33664,11,12.51000035,1,0,1,5,0,5,0.399680245
782541,936,116569,40-49,2,28,7337,3,4.079999924,1,0,1,5,0,5,1.225490219
782647,936,116587,40-49,2,27,11244,3,4.550000191,1,0,1,5,0,5,1.098901053
782694,936,116595,30-39,2,29,29035,7,8.910000086,2,2,4,10,200,210,23.56902334
782754,936,116605,30-39,2,26,6532,1,1.610000014,1,0,1,5,0,5,3.105590035
782815,936,116615,40-49,2,10,11537,3,4.300000191,1,0,1,5,0,5,1.162790646
782816,936,116615,40-49,2,10,12183,3,2.869999945,1,0,1,5,0,5,1.742160312
782862,936,116623,30-39,2,64,5912,1,1.559999943,1,1,2,5,100,105,67.30769477
950068,936,123438,20-29,1,10,4012,1,1.570000052,1,0,1,5,0,5,3.18471327
950078,936,123440,20-29,1,16,12396,2,3.210000038,2,1,3,10,100,110,34.26791237
950183,936,123457,20-29,1,16,15720,1,1.379999995,1,0,1,5,0,5,3.623188419
950224,936,123464,40-49,1,20,2367,2,2.839999914,1,1,2,5,100,105,36.97183211
950326,936,123481,30-39,1,16,6607,1,1.320000052,2,0,2,10,0,10,7.575757277
950452,936,123502,50-59,1,16,5537,1,1.519999981,1,0,1,5,0,5,3.289473725
950495,936,123509,50-59,1,21,1909,1,0.980000019,1,0,1,5,0,5,5.102040717
950537,936,123516,40-49,1,36,1884,1,1.409999967,1,0,1,5,0,5,3.546099374
950770,936,123555,20-29,1,28,7780,3,4.329999924,2,2,4,10,200,210,48.49884612
950776,936,123556,30-39,1,28,2633,1,1.070000052,1,0,1,5,0,5,4.672896969
950878,936,123573,40-49,1,10,2967,1,1.5,1,1,2,5,100,105,70
951033,936,123599,20-29,2,10,5517,1,1.230000019,1,0,1,5,0,5,4.065040588
951046,936,123601,20-29,2,16,20050,4,4.659999847,4,1,5,20,100,120,25.75107381
951105,936,123611,50-59,1,16,5894,1,1.539999962,1,1,2,5,100,105,68.18181986
951133,936,123616,30-39,1,16,9948,2,2.720000029,2,0,2,10,0,10,3.676470549
951202,936,123627,50-59,2,26,5307,3,4.289999962,2,1,3,10,100,110,25.64102587
951225,936,123631,30-39,2,22,4621,2,3.25,1,1,2,5,100,105,32.30769231
951282,936,123641,30-39,2,16,5775,1,1.580000043,1,1,2,5,100,105,66.45569439
951285,936,123641,30-39,2,16,9297,2,2.619999886,2,1,3,10,100,110,41.98473465
951334,936,123649,20-29,2,64,3717,1,1.539999962,1,0,1,5,0,5,3.246753327
951391,936,123659,20-29,2,28,2879,1,1.590000033,2,2,4,10,200,210,132.075469
951392,936,123659,20-29,2,28,2749,1,1.389999986,1,0,1,5,0,5,3.597122338
951400,936,123660,50-59,2,10,24028,9,12.39000034,2,0,2,10,0,10,0.80710248
951444,936,123668,20-29,2,25,2983,1,0.970000029,1,0,1,5,0,5,5.154639021
951462,936,123671,50-59,2,16,7589,2,3.150000095,1,1,2,5,100,105,33.33333233
951464,936,123671,50-59,2,16,20997,10,11.94999981,1,0,1,5,0,5,0.418410048
951465,936,123671,50-59,2,16,4617,1,1.360000014,1,0,1,5,0,5,3.67647055
951608,936,123695,40-49,2,10,3149,1,1.480000019,1,0,1,5,0,5,3.378378335
951677,936,123706,30-39,2,27,2563,1,1.480000019,1,0,1,5,0,5,3.378378335
951715,936,123713,50-59,2,64,10677,5,7.269999981,1,0,1,5,0,5,0.687757911
951756,936,123720,30-39,2,22,2189,1,0.409999996,1,0,1,5,0,5,12.19512207
951779,936,123723,50-59,2,27,3277,2,2.680000067,1,0,1,5,0,5,1.865671595
951812,936,123729,30-39,2,16,16274,4,6.079999924,2,0,2,10,0,10,1.644736863
951837,936,123733,50-59,2,20,2077,1,1.50999999,1,1,2,5,100,105,69.5364243
951856,936,123736,20-29,2,20,4626,2,2.099999905,2,0,2,10,0,10,4.761904977
951941,936,123750,20-29,2,28,2764,1,1.559999943,1,1,2,5,100,105,67.30769477
952001,936,123760,50-59,2,10,5447,2,2.960000038,1,0,1,5,0,5,1.689189168
952031,936,123765,40-49,2,16,28169,8,12.36999989,1,1,2,5,100,105,8.488278168
1121091,1178,144531,20-29,1,10,1194718,141,254.049996,28,14,42,140,1400,1540,6.061798954
1121092,1178,144531,20-29,1,10,637648,67,122.4,13,5,18,65,500,565,4.616013072
1121095,1178,144531,20-29,1,10,459690,50,86.33000112,5,2,7,25,200,225,2.606278201
1121096,1178,144531,20-29,1,10,750060,86,161.9099991,11,2,13,55,200,255,1.574949055
1121097,1178,144532,20-29,1,15,30068,1,1.820000052,1,0,1,5,0,5,2.747252669
1121098,1178,144532,20-29,1,15,1267550,123,236.7699986,24,10,34,120,1000,1120,4.730329039
1121100,1178,144532,20-29,1,15,3052003,340,639.9499981,60,17,77,300,1700,2000,3.125244169
1121101,1178,144532,20-29,1,15,29945,1,1.590000033,2,1,3,10,100,110,69.1823885
1121102,1178,144532,20-29,1,15,357856,30,52.97000015,7,3,10,35,300,335,6.324334511
1121104,1178,144533,20-29,1,16,2080666,202,360.1500015,40,21,61,200,2100,2300,6.386227934
1121105,1178,144533,20-29,1,16,145999,9,16.5200001,5,2,7,25,200,225,13.61985464
1121107,1178,144533,20-29,1,16,32616,1,1.539999962,2,0,2,10,0,10,6.493506654
1121108,1178,144533,20-29,1,16,984521,95,163.8999972,26,14,40,130,1400,1530,9.334960501
1121110,1178,144534,20-29,1,18,880814,123,210.3600006,6,2,8,30,200,230,1.093363754
1121111,1178,144534,20-29,1,18,182452,20,35.73000026,4,1,5,20,100,120,3.358522226
1121113,1178,144534,20-29,1,18,894911,120,215.8399994,7,4,11,35,400,435,2.01538177
1121114,1178,144534,20-29,1,18,31349,2,3.800000072,1,0,1,5,0,5,1.315789449
1121115,1178,144535,20-29,1,19,410310,55,96.80000055,3,0,3,15,0,15,0.154958677
1121116,1178,144535,20-29,1,19,572450,89,157.329998,7,4,11,35,400,435,2.764889122
1121117,1178,144535,20-29,1,19,98759,15,26.56999946,1,1,2,5,100,105,3.951825447
1121119,1178,144535,20-29,1,19,345371,54,93.08999991,7,3,10,35,300,335,3.598667959
1121121,1178,144536,20-29,1,20,323899,46,78.9200002,5,1,6,25,100,125,1.583882409
1121122,1178,144536,20-29,1,20,399199,58,103.1500002,3,0,3,15,0,15,0.145419292
1121123,1178,144536,20-29,1,20,171202,22,36.53000021,3,1,4,15,100,115,3.148097436
1121124,1178,144536,20-29,1,20,128386,15,28.85000002,2,1,3,10,100,110,3.812824954
1121125,1178,144536,20-29,1,20,1034284,152,257.7099986,20,9,29,100,900,1000,3.880330625
1121126,1178,144536,20-29,1,20,45923,5,7.220000148,2,0,2,10,0,10,1.385041523
1121127,1178,144537,20-29,1,21,40873,4,7.899999976,2,1,3,10,100,110,13.92405068
1121128,1178,144537,20-29,1,21,286553,34,62.06000042,2,1,3,10,100,110,1.772478235
1121129,1178,144537,20-29,1,21,20618,1,2.099999905,2,1,3,10,100,110,52.38095475
1121131,1178,144537,20-29,1,21,83591,7,14.14000046,2,2,4,10,200,210,14.85148467
1121132,1178,144537,20-29,1,21,114923,12,23.73000026,4,2,6,20,200,220,9.270964922
1121133,1178,144538,20-29,1,22,25002,1,1.710000038,1,0,1,5,0,5,2.923976543
1121134,1178,144538,20-29,1,22,68905,5,9.440000057,1,0,1,5,0,5,0.529661014
1121136,1178,144538,20-29,1,22,169588,16,27.79999924,1,0,1,5,0,5,0.17985612
1121138,1178,144538,20-29,1,22,328991,35,67.65000057,5,2,7,25,200,225,3.325942322
1121141,1178,144539,20-29,1,23,23198,2,2.980000019,1,0,1,5,0,5,1.677852338
1121142,1178,144539,20-29,1,23,26890,2,3.24000001,1,0,1,5,0,5,1.543209872
1121143,1178,144539,20-29,1,23,221695,31,52.26000011,5,2,7,25,200,225,4.305396087
1121152,1178,144541,20-29,1,24,88443,7,13.0400002,1,1,2,5,100,105,8.052147116
1121153,1178,144541,20-29,1,24,187856,23,38.38999975,5,1,6,25,100,125,3.256056286
1121164,1178,144545,20-29,1,25,570699,80,138.7699997,9,2,11,45,200,245,1.765511281
1121167,1178,144545,20-29,1,25,1063508,145,260.3800013,23,7,30,115,700,815,3.130040694
1121168,1178,144545,20-29,1,25,50523,6,8.549999952,1,0,1,5,0,5,0.584795325
1121172,1178,144547,20-29,1,26,87935,9,15.63000023,1,0,1,5,0,5,0.319897628
1121173,1178,144547,20-29,1,26,278225,33,60.19999957,3,0,3,15,0,15,0.249169437
1121175,1178,144547,20-29,1,26,209461,20,34.19000006,1,0,1,5,0,5,0.146241591
1121177,1178,144547,20-29,1,26,26316,2,3.24000001,3,0,3,15,0,15,4.629629615
1121181,1178,144549,20-29,1,27,41030,3,5.140000105,2,1,3,10,100,110,21.40077777
1121182,1178,144549,20-29,1,27,876671,120,216.5599982,22,4,26,110,400,510,2.355005561
1121183,1178,144549,20-29,1,27,399392,53,93.07000041,5,0,5,25,0,25,0.26861502
1121184,1178,144549,20-29,1,27,283858,30,56.05999923,1,0,1,5,0,5,0.089190155
1121185,1178,144549,20-29,1,27,260699,31,54.09999871,5,2,7,25,200,225,4.158964979
1121193,1178,144552,20-29,1,28,57781,5,7.800000072,2,1,3,10,100,110,14.10256397
1121195,1178,144552,20-29,1,28,38757,3,5.220000029,1,0,1,5,0,5,0.957854401
1121196,1178,144552,20-29,1,28,1392288,206,358.5500029,31,7,38,155,700,855,2.384604638
1121197,1178,144552,20-29,1,28,1109387,159,280.9899995,13,2,15,65,200,265,0.943094062
1121202,1178,144554,20-29,1,29,581281,65,115.1200008,10,5,15,50,500,550,4.777623316
1121203,1178,144554,20-29,1,29,1048861,128,219.770002,22,8,30,110,800,910,4.140692505
1121205,1178,144554,20-29,1,29,297452,30,52.01999986,4,1,5,20,100,120,2.306805081
1121206,1178,144554,20-29,1,29,227925,22,35.30999994,22,12,34,110,1200,1310,37.09997174
1121207,1178,144554,20-29,1,29,374175,38,63.32000101,8,3,11,40,300,340,5.369551399
1121211,1178,144556,20-29,1,30,223586,32,54.24000037,1,0,1,5,0,5,0.09218289
1121213,1178,144556,20-29,1,30,283170,39,65.22999996,2,1,3,10,100,110,1.686340642
1121215,1178,144556,20-29,1,30,41636,3,4.210000038,1,0,1,5,0,5,1.187648445
1121216,1178,144556,20-29,1,30,198658,30,48.60999978,8,1,9,40,100,140,2.880065843
1121220,1178,144558,20-29,1,31,100596,10,13.91999972,4,2,6,20,200,220,15.80459802
1121223,1178,144558,20-29,1,31,64020,5,11.0599997,1,0,1,5,0,5,0.452079578
1121229,1178,144561,20-29,1,32,404866,43,87.42000079,4,0,4,20,0,20,0.228780597
1121231,1178,144561,20-29,1,32,22256,1,1.659999967,1,1,2,5,100,105,63.25301331
1121233,1178,144561,20-29,1,32,57690,4,6.74000001,1,0,1,5,0,5,0.741839762
1121241,1178,144562,20-29,1,36,24952,5,8.220000267,3,2,5,15,200,215,26.15571691
1121242,1178,144562,20-29,1,36,38900,3,5.580000043,1,0,1,5,0,5,0.896057341
1121243,1178,144562,20-29,1,36,53520,6,9.2299999,1,1,2,5,100,105,11.37594812
1121244,1178,144562,20-29,1,36,181683,20,34.22999972,2,1,3,10,100,110,3.213555387
1121245,1178,144562,20-29,1,36,29185,2,3.149999976,1,0,1,5,0,5,1.587301599
1121246,1178,144562,20-29,1,36,105047,13,20.2099994,3,1,4,15,100,115,5.690252519
1121250,1178,144565,20-29,1,63,287976,31,59.43999982,3,2,5,15,200,215,3.617092878
1121251,1178,144565,20-29,1,63,212175,22,38.58999968,2,1,3,10,100,110,2.850479422
1121254,1178,144565,20-29,1,63,124005,11,21.84999979,4,1,5,20,100,120,5.491990899
1121255,1178,144565,20-29,1,63,20423,1,1.960000038,1,0,1,5,0,5,2.551020359
1121261,1178,144567,20-29,1,64,103001,14,22.32000005,1,0,1,5,0,5,0.224014336
1121262,1178,144567,20-29,1,64,447420,66,110.2399991,7,2,9,35,200,235,2.131712644
1121263,1178,144567,20-29,1,64,156101,19,29.75000048,2,2,4,10,200,210,7.058823416
1121264,1178,144567,20-29,1,64,93015,12,18.47000015,1,0,1,5,0,5,0.270709256
1121265,1178,144568,20-29,1,65,145398,23,36.24000025,1,0,1,5,0,5,0.137969094
1121269,1178,144568,20-29,1,65,296413,50,76.43999958,3,1,4,15,100,115,1.504447941
1121274,1178,144569,20-29,1,2,63785,7,11.80000019,6,2,8,30,200,230,19.49152511
1121275,1178,144569,20-29,1,2,118522,14,26.81999981,2,1,3,10,100,110,4.101416882
1121276,1178,144569,20-29,1,2,240123,38,65.67000115,5,4,9,25,400,425,6.47175259
1121277,1178,144570,20-29,1,7,169108,20,32.24000025,2,1,3,10,100,110,3.411910644
1121278,1178,144570,20-29,1,7,1044442,142,245.5999999,22,8,30,110,800,910,3.705211728
1121279,1178,144570,20-29,1,7,93891,11,17.6400001,5,3,8,25,300,325,18.42403618
1121282,1178,144570,20-29,1,7,185823,25,38.54999936,4,1,5,20,100,120,3.112840519
1121284,1178,144571,20-29,1,66,175631,23,40.75999951,1,0,1,5,0,5,0.122669285
1121285,1178,144571,20-29,1,66,37187,4,6.370000005,1,0,1,5,0,5,0.784929356
1121287,1178,144571,20-29,1,66,344618,51,89.76000047,3,1,4,15,100,115,1.281194289
1121289,1178,144572,30-39,1,10,98066,9,16.1500001,1,0,1,5,0,5,0.309597521
1121290,1178,144572,30-39,1,10,770749,100,189.1299984,13,3,16,65,300,365,1.92988951
1121291,1178,144572,30-39,1,10,52553,5,8.529999852,1,0,1,5,0,5,0.586166481
1121292,1178,144572,30-39,1,10,362296,39,67.77000129,7,3,10,35,300,335,4.943190108
1121293,1178,144572,30-39,1,10,427729,50,96.8999989,4,1,5,20,100,120,1.238390107
1121296,1178,144573,30-39,1,15,180351,21,37.13000011,1,1,2,5,100,105,2.827901958
1121297,1178,144573,30-39,1,15,187329,29,53.15999961,2,1,3,10,100,110,2.069224996
1121300,1178,144573,30-39,1,15,782894,118,192.9299995,5,2,7,25,200,225,1.166226095
1121302,1178,144574,30-39,1,16,1206533,128,236.1199988,17,6,23,85,600,685,2.901067269
1121303,1178,144574,30-39,1,16,84494,7,12.57000017,2,0,2,10,0,10,0.795544938
1121304,1178,144574,30-39,1,16,94257,7,12.5800004,1,1,2,5,100,105,8.346581611
1121309,1178,144575,30-39,1,18,131060,16,28.04999959,2,1,3,10,100,110,3.921568685
1121310,1178,144575,30-39,1,18,341603,50,83.48000121,4,2,6,20,200,220,2.635361725
1121311,1178,144575,30-39,1,18,140749,19,30.4799999,1,1,2,5,100,105,3.444881901
1121312,1178,144575,30-39,1,18,102525,13,20.29999983,2,1,3,10,100,110,5.418719257
1121316,1178,144576,30-39,1,19,447952,68,131.5799983,8,1,9,40,100,140,1.063991502
1121317,1178,144576,30-39,1,19,76355,9,14.62999988,2,0,2,10,0,10,0.683527005
1121319,1178,144577,30-39,1,20,256598,38,64.46999931,6,1,7,30,100,130,2.016441777
1121321,1178,144577,30-39,1,20,127476,21,30.15000057,3,2,5,15,200,215,7.131011474
1121322,1178,144577,30-39,1,20,237603,37,62.25000024,5,2,7,25,200,225,3.614457817
1121327,1178,144578,30-39,1,21,271091,42,78.03999984,3,1,4,15,100,115,1.473603283
1121330,1178,144578,30-39,1,21,21743,2,3.400000095,1,0,1,5,0,5,1.470588194
1121333,1178,144579,30-39,1,22,88970,10,14.8300004,2,0,2,10,0,10,0.674308815
1121334,1178,144579,30-39,1,22,108362,13,22.42999983,1,1,2,5,100,105,4.68123053
1121335,1178,144579,30-39,1,22,188596,27,44.14000034,3,0,3,15,0,15,0.339827818
1121336,1178,144579,30-39,1,22,275080,43,69.65999997,4,3,7,20,300,320,4.59374103
1121337,1178,144580,30-39,1,23,64647,10,16.26999998,1,0,1,5,0,5,0.307314075
1121338,1178,144580,30-39,1,23,31265,4,5.789999902,1,0,1,5,0,5,0.863557873
1121340,1178,144580,30-39,1,23,140147,24,42.08000016,2,0,2,10,0,10,0.237642585
1121341,1178,144580,30-39,1,23,223120,40,67.66999984,1,0,1,5,0,5,0.073887986
1121342,1178,144580,30-39,1,23,104869,18,34.07000089,1,0,1,5,0,5,0.146756674
1121344,1178,144581,30-39,1,24,165177,23,41.71999967,4,1,5,20,100,120,2.876318335
1121345,1178,144581,30-39,1,24,84194,11,19.56999981,1,0,1,5,0,5,0.255493104
1121347,1178,144581,30-39,1,24,220581,31,57.37,1,1,2,5,100,105,1.830224856
1121350,1178,144582,30-39,1,25,75804,10,17.36999965,2,1,3,10,100,110,6.332757756
1121352,1178,144582,30-39,1,25,368986,59,100.289999,0,0,0,0,0,0,0
1121353,1178,144582,30-39,1,25,28194,3,3.709999919,2,0,2,10,0,10,2.695417849
1121355,1178,144583,30-39,1,26,99961,14,23.2099998,1,0,1,5,0,5,0.215424388
1121361,1178,144584,30-39,1,27,685781,103,177.8899992,10,1,11,50,100,150,0.843217723
1121364,1178,144584,30-39,1,27,274222,43,66.7700001,2,1,3,10,100,110,1.647446456
1121365,1178,144584,30-39,1,27,110503,25,32.67999995,4,0,4,20,0,20,0.611995105
1121367,1178,144585,30-39,1,28,1447755,233,420.5799983,11,8,19,55,800,855,2.032906946
1121368,1178,144585,30-39,1,28,358987,52,87.55000067,1,0,1,5,0,5,0.057110222
1121369,1178,144585,30-39,1,28,826205,125,232.3700008,5,1,6,25,100,125,0.537935188
1121370,1178,144585,30-39,1,28,550954,84,150.1400012,3,0,3,15,0,15,0.099906753
1121372,1178,144585,30-39,1,28,378350,55,96.48000073,4,0,4,20,0,20,0.207296848
1121373,1178,144586,30-39,1,29,492784,56,95.5100013,7,4,11,35,400,435,4.554496849
1121374,1178,144586,30-39,1,29,327158,43,72.3100003,6,2,8,30,200,230,3.180749537
1121377,1178,144586,30-39,1,29,59390,5,9.209999919,5,3,8,25,300,325,35.28773104
1121378,1178,144586,30-39,1,29,1040330,147,254.2500038,13,2,15,65,200,265,1.042281204
1121379,1178,144587,30-39,1,30,49422,6,11.17000031,1,0,1,5,0,5,0.447627561
1121380,1178,144587,30-39,1,30,131091,18,34.23000026,3,1,4,15,100,115,3.359626033
1121381,1178,144587,30-39,1,30,95691,15,25.26000011,1,1,2,5,100,105,4.156769578
1121390,1178,144588,30-39,1,31,15513,1,1.289999962,1,0,1,5,0,5,3.875969106
1121391,1178,144589,30-39,1,32,382537,63,113.9900012,4,3,7,20,300,320,2.807263766
1121394,1178,144589,30-39,1,32,461356,64,121.0999982,6,3,9,30,300,330,2.725020685
1121395,1178,144589,30-39,1,32,392541,53,98.70000017,3,2,5,15,200,215,2.178318132
1121398,1178,144590,30-39,1,36,35088,5,8.800000072,1,1,2,5,100,105,11.93181808
1121400,1178,144590,30-39,1,36,53933,6,9.929999948,3,1,4,15,100,115,11.58106753
1121403,1178,144591,30-39,1,63,228861,33,53.38999939,4,2,6,20,200,220,4.120621886
1121405,1178,144591,30-39,1,63,20959,2,3.769999981,1,1,2,5,100,105,27.85145903
1121410,1178,144592,30-39,1,64,24992,2,3.190000057,1,0,1,5,0,5,1.567398091
1121411,1178,144592,30-39,1,64,100351,15,24.17999995,2,1,3,10,100,110,4.549214236
1121412,1178,144592,30-39,1,64,292448,43,76.89999968,2,1,3,10,100,110,1.430429135
1121413,1178,144592,30-39,1,64,65060,7,14.5200001,1,1,2,5,100,105,7.231404909
1121414,1178,144592,30-39,1,64,133316,21,36.17000055,2,0,2,10,0,10,0.27647221
1121415,1178,144593,30-39,1,65,113501,26,38.44000077,5,4,9,25,400,425,11.05619125
1121418,1178,144593,30-39,1,65,192810,41,61.92999995,4,3,7,20,300,320,5.167124177
1121421,1178,144594,30-39,1,2,233404,43,70.4100008,2,1,3,10,100,110,1.562278068
1121422,1178,144594,30-39,1,2,128843,24,37.5999999,2,0,2,10,0,10,0.265957448
1121423,1178,144594,30-39,1,2,63564,12,20.59000027,2,0,2,10,0,10,0.48567265
1121425,1178,144594,30-39,1,2,85970,14,24.78000021,1,1,2,5,100,105,4.2372881
1121428,1178,144595,30-39,1,7,131232,16,29.53999937,1,1,2,5,100,105,3.554502445
1121429,1178,144595,30-39,1,7,152454,22,37.84999979,1,1,2,5,100,105,2.774108338
1121430,1178,144595,30-39,1,7,28989,2,2.290000021,1,0,1,5,0,5,2.183406094
1121433,1178,144596,30-39,1,66,80248,15,24.1900003,1,1,2,5,100,105,4.340636573
1121437,1178,144596,30-39,1,66,38580,5,8.519999981,1,0,1,5,0,5,0.586854461
1121439,1178,144597,40-49,1,10,621591,91,163.36,5,1,6,25,100,125,0.765181195
1121440,1178,144597,40-49,1,10,250499,36,58.14000005,3,1,4,15,100,115,1.977984174
1121442,1178,144597,40-49,1,10,131637,18,29.30999982,2,1,3,10,100,110,3.752985352
1121443,1178,144597,40-49,1,10,463813,69,116.3399996,4,2,6,20,200,220,1.891009118
1121444,1178,144597,40-49,1,10,211767,35,60.89999914,5,1,6,25,100,125,2.052545185
1121446,1178,144598,40-49,1,15,163181,26,40.02000093,1,1,2,5,100,105,2.623688095
1121451,1178,144599,40-49,1,16,1117385,147,260.0699984,11,2,13,55,200,255,0.980505255
1121452,1178,144599,40-49,1,16,1663441,205,359.4700001,17,6,23,85,600,685,1.905583219
1121453,1178,144599,40-49,1,16,455248,54,105.7099996,5,2,7,25,200,225,2.128464676
1121454,1178,144599,40-49,1,16,75589,6,10.66000009,1,1,2,5,100,105,9.849906108
1121455,1178,144599,40-49,1,16,594267,82,143.3000009,3,2,5,15,200,215,1.500348909
1121456,1178,144599,40-49,1,16,315281,35,65.02999854,1,0,1,5,0,5,0.076887592
1121464,1178,144601,40-49,1,19,363456,71,117.5599997,7,1,8,35,100,135,1.148349782
1121466,1178,144601,40-49,1,19,438983,81,143.4300001,3,1,4,15,100,115,0.801784842
1121467,1178,144601,40-49,1,19,42563,5,9.659999847,1,1,2,5,100,105,10.86956539
1121469,1178,144602,40-49,1,20,399035,75,124.7999995,7,3,10,35,300,335,2.684294883
1121471,1178,144602,40-49,1,20,304680,59,98.55000019,3,0,3,15,0,15,0.152207001
1121472,1178,144602,40-49,1,20,140596,23,40.77000022,1,0,1,5,0,5,0.122639195
1121473,1178,144602,40-49,1,20,439986,80,134.8799999,4,3,7,20,300,320,2.372479243
1121474,1178,144602,40-49,1,20,75803,11,19.3599999,2,2,4,10,200,210,10.84710749
1121481,1178,144604,40-49,1,22,153586,28,43.01000035,2,0,2,10,0,10,0.232504067
1121482,1178,144604,40-49,1,22,180815,31,42.62999976,1,0,1,5,0,5,0.117288295
1121483,1178,144604,40-49,1,22,253169,51,75.78999984,1,0,1,5,0,5,0.065971764
1121484,1178,144604,40-49,1,22,34453,5,7.710000038,1,1,2,5,100,105,13.61867698
1121487,1178,144605,40-49,1,23,51550,8,14.03999984,1,0,1,5,0,5,0.35612536
1121489,1178,144605,40-49,1,23,110018,24,39.85999966,1,0,1,5,0,5,0.125439038
1121493,1178,144606,40-49,1,24,137584,21,36.77999961,1,0,1,5,0,5,0.135943449
1121497,1178,144606,40-49,1,24,209825,30,54.86999953,1,0,1,5,0,5,0.091124477
1121499,1178,144607,40-49,1,25,264222,63,87.7899996,1,1,2,5,100,105,1.196036
1121510,1178,144608,40-49,1,26,31202,5,6.730000019,1,0,1,5,0,5,0.742942048
1121511,1178,144609,40-49,1,27,252991,49,76.83999932,3,0,3,15,0,15,0.195210829
1121514,1178,144609,40-49,1,27,56265,9,15.53999972,1,0,1,5,0,5,0.321750328
1121523,1178,144611,40-49,1,29,76923,11,17.67000008,2,2,4,10,200,210,11.88455003
1121524,1178,144611,40-49,1,29,209332,30,49.60000014,3,1,4,15,100,115,2.318548381
1121525,1178,144611,40-49,1,29,214094,31,53.26999903,1,0,1,5,0,5,0.093861462
1121526,1178,144611,40-49,1,29,526209,85,126.9299996,3,2,5,15,200,215,1.693847008
1121527,1178,144611,40-49,1,29,741143,120,179.620001,4,1,5,20,100,120,0.668077048
1121528,1178,144611,40-49,1,29,172827,25,38.42000043,2,0,2,10,0,10,0.260281101
1121530,1178,144612,40-49,1,30,188873,38,58.5999999,1,1,2,5,100,105,1.791808877
1121532,1178,144612,40-49,1,30,123126,25,39.72999978,2,1,3,10,100,110,2.768688664
1121535,1178,144613,40-49,1,31,77794,14,19.11000001,1,1,2,5,100,105,5.494505492
1121541,1178,144614,40-49,1,32,56630,9,15.81000018,1,1,2,5,100,105,6.641366148
1121544,1178,144614,40-49,1,32,400844,85,140.9700022,4,2,6,20,200,220,1.560615709
1121545,1178,144614,40-49,1,32,208572,36,60.76000023,2,1,3,10,100,110,1.810401573
1121548,1178,144615,40-49,1,36,59004,8,13.51000011,1,0,1,5,0,5,0.370096222
1121551,1178,144615,40-49,1,36,196253,32,55.10000002,1,0,1,5,0,5,0.090744102
1121554,1178,144616,40-49,1,63,51858,8,12.63000011,1,1,2,5,100,105,8.31353912
1121557,1178,144616,40-49,1,63,280764,49,81.36000025,2,1,3,10,100,110,1.352015728
1121561,1178,144617,40-49,1,64,63660,11,16.47000003,1,1,2,5,100,105,6.375227675
1121562,1178,144617,40-49,1,64,109289,19,31.02999997,1,0,1,5,0,5,0.161134386
1121568,1178,144618,40-49,1,65,188440,40,60.72999966,2,1,3,10,100,110,1.81129591
1121571,1178,144619,40-49,1,2,212496,44,74.83000135,2,1,3,10,100,110,1.469998637
1121572,1178,144619,40-49,1,2,32574,5,7.480000019,1,0,1,5,0,5,0.668449196
1121575,1178,144619,40-49,1,2,128595,23,36.4800005,1,1,2,5,100,105,2.878289434
1121577,1178,144620,40-49,1,7,242234,48,68.06000054,2,0,2,10,0,10,0.146929179
1121584,1178,144621,40-49,1,66,33154,5,7.879999995,1,1,2,5,100,105,13.3248731
1121585,1178,144621,40-49,1,66,9773,1,1.460000038,1,0,1,5,0,5,3.424657445
1121589,1178,144622,50-59,1,10,464036,77,123.5500004,3,1,4,15,100,115,0.930797245
1121590,1178,144622,50-59,1,10,478480,75,135.7500012,3,1,4,15,100,115,0.847145481
1121592,1178,144622,50-59,1,10,428812,66,116.8800001,4,2,6,20,200,220,1.882272415
1121593,1178,144622,50-59,1,10,1177535,221,365.6600009,15,3,18,75,300,375,1.025542851
1121594,1178,144622,50-59,1,10,426500,72,128.2799988,4,1,5,20,100,120,0.935453704
1121597,1178,144623,50-59,1,15,54237,7,10.77999985,2,1,3,10,100,110,10.20408177
1121598,1178,144623,50-59,1,15,506916,89,133.6999986,2,2,4,10,200,210,1.570680645
1121599,1178,144623,50-59,1,15,250960,42,64.87999952,2,0,2,10,0,10,0.154130704
1121601,1178,144624,50-59,1,16,2286228,353,603.380002,16,7,23,80,700,780,1.292717686
1121602,1178,144624,50-59,1,16,915451,125,220.559999,6,1,7,30,100,130,0.58940878
1121603,1178,144624,50-59,1,16,159478,20,33.89999998,3,1,4,15,100,115,3.392330385
1121605,1178,144624,50-59,1,16,1228924,190,318.9700032,6,3,9,30,300,330,1.034580044
1121606,1178,144624,50-59,1,16,938283,134,248.6400001,7,2,9,35,200,235,0.94514157
1121607,1178,144625,50-59,1,18,154572,26,40.93000007,1,1,2,5,100,105,2.565355481
1121609,1178,144625,50-59,1,18,378171,70,109.2500008,1,0,1,5,0,5,0.04576659
1121612,1178,144625,50-59,1,18,468749,84,134.1199975,6,1,7,30,100,130,0.969281259
1121613,1178,144626,50-59,1,19,309823,60,103.3899996,4,4,8,20,400,420,4.062288438
1121615,1178,144626,50-59,1,19,327227,65,116.5599996,5,0,5,25,0,25,0.214481813
1121616,1178,144626,50-59,1,19,334945,72,120.2999994,2,1,3,10,100,110,0.914380719
1121617,1178,144626,50-59,1,19,68859,15,25.45999968,1,0,1,5,0,5,0.196386491
1121619,1178,144627,50-59,1,20,127125,20,35.67999983,2,0,2,10,0,10,0.28026906
1121620,1178,144627,50-59,1,20,415798,80,131.7800006,3,1,4,15,100,115,0.872666562
1121622,1178,144627,50-59,1,20,107671,20,29.91000021,1,1,2,5,100,105,3.51053157
1121623,1178,144627,50-59,1,20,164356,28,46.7900002,2,1,3,10,100,110,2.350929676
1121624,1178,144627,50-59,1,20,17662,2,3.189999938,1,0,1,5,0,5,1.56739815
1121627,1178,144628,50-59,1,21,65339,10,16.67999983,2,0,2,10,0,10,0.59952039
1121628,1178,144628,50-59,1,21,59838,7,11.11000013,1,0,1,5,0,5,0.450044999
1121629,1178,144628,50-59,1,21,381577,81,127.5699993,2,0,2,10,0,10,0.078388336
1121635,1178,144629,50-59,1,22,45491,8,11.00999999,1,0,1,5,0,5,0.454132607
1121638,1178,144630,50-59,1,23,18946,2,3.599999905,1,0,1,5,0,5,1.388888926
1121641,1178,144630,50-59,1,23,114370,18,33.65999997,1,0,1,5,0,5,0.148544266
1121642,1178,144630,50-59,1,23,99698,21,33.3499999,1,0,1,5,0,5,0.149925038
1121644,1178,144631,50-59,1,24,355165,81,128.6099997,4,3,7,20,300,320,2.488142452
1121650,1178,144632,50-59,1,25,101431,23,33.93000031,1,1,2,5,100,105,3.094606515
1121652,1178,144632,50-59,1,25,123151,24,36.4400003,2,1,3,10,100,110,3.018660787
1121660,1178,144633,50-59,1,26,24078,4,5.769999981,1,0,1,5,0,5,0.866551129
1121661,1178,144634,50-59,1,27,517801,105,181.7200011,3,0,3,15,0,15,0.082544574
1121662,1178,144634,50-59,1,27,145104,25,41.42000008,2,1,3,10,100,110,2.655721868
1121664,1178,144634,50-59,1,27,179950,35,58.67999971,1,0,1,5,0,5,0.085207908
1121665,1178,144634,50-59,1,27,258531,46,80.33999979,2,0,2,10,0,10,0.124470999
1121666,1178,144634,50-59,1,27,272500,62,104.4599996,3,0,3,15,0,15,0.143595635
1121667,1178,144635,50-59,1,28,273197,57,87.7300005,3,0,3,15,0,15,0.17097914
1121668,1178,144635,50-59,1,28,775904,172,253.990002,4,2,6,20,200,220,0.866175827
1121669,1178,144635,50-59,1,28,120251,26,39.44000006,1,0,1,5,0,5,0.126774848
1121671,1178,144635,50-59,1,28,139406,24,39.04999948,1,0,1,5,0,5,0.128040975
1121672,1178,144635,50-59,1,28,60314,11,16.93999958,2,1,3,10,100,110,6.493506655
1121673,1178,144636,50-59,1,29,563074,86,142.7099985,4,2,6,20,200,220,1.541587852
1121674,1178,144636,50-59,1,29,168655,18,27.29999983,2,0,2,10,0,10,0.366300369
1121675,1178,144636,50-59,1,29,111963,17,29.3799994,2,1,3,10,100,110,3.744043644
1121676,1178,144636,50-59,1,29,1026304,168,277.5799986,17,8,25,85,800,885,3.188270064
1121677,1178,144636,50-59,1,29,1391924,258,422.8400038,17,10,27,85,1000,1085,2.565982382
1121678,1178,144636,50-59,1,29,147551,22,38.50000083,1,0,1,5,0,5,0.129870127
1121685,1178,144638,50-59,1,31,66794,9,17.3299998,1,1,2,5,100,105,6.058857543
1121687,1178,144638,50-59,1,31,118882,19,32.30999994,2,1,3,10,100,110,3.404518731
1121689,1178,144638,50-59,1,31,148010,24,41.96999943,1,0,1,5,0,5,0.119132715
1121691,1178,144639,50-59,1,32,932890,197,352.4499989,3,1,4,15,100,115,0.326287418
1121692,1178,144639,50-59,1,32,718359,147,264.5899997,4,1,5,20,100,120,0.45353188
1121693,1178,144639,50-59,1,32,433658,82,158.5999998,5,2,7,25,200,225,1.418663306
1121695,1178,144639,50-59,1,32,29455,3,4.769999981,1,0,1,5,0,5,1.048218034
1121701,1178,144640,50-59,1,36,23973,3,4.820000052,1,1,2,5,100,105,21.78423213
1121705,1178,144641,50-59,1,63,126480,25,37.25999999,1,1,2,5,100,105,2.818035427
1121706,1178,144641,50-59,1,63,138959,28,39.5200007,1,0,1,5,0,5,0.126518216
1121708,1178,144641,50-59,1,63,68829,12,19.47999978,1,0,1,5,0,5,0.256673514
1121711,1178,144642,50-59,1,64,49916,10,16.38,1,1,2,5,100,105,6.41025641
1121716,1178,144643,50-59,1,65,76014,16,22.67000031,1,1,2,5,100,105,4.63167175
1121723,1178,144644,50-59,1,2,50947,10,15.99000025,1,0,1,5,0,5,0.31269543
1121733,1178,144646,50-59,1,66,55536,11,17.04999995,1,0,1,5,0,5,0.293255133
1121741,1178,144647,20-29,2,10,318042,46,64.40999997,8,4,12,40,400,440,6.831237389
1121742,1178,144647,20-29,2,10,213016,30,44.21999955,8,2,10,40,200,240,5.427408468
1121745,1178,144648,20-29,2,15,182265,27,38.18000007,2,1,3,10,100,110,2.88108957
1121746,1178,144648,20-29,2,15,1117371,177,268.050002,26,5,31,130,500,630,2.350307761
1121749,1178,144648,20-29,2,15,333345,52,77.59000027,5,1,6,25,100,125,1.611032344
1121751,1178,144649,20-29,2,16,275930,30,46.77999997,5,2,7,25,200,225,4.809747759
1121753,1178,144649,20-29,2,16,740631,101,153.1199975,9,1,10,45,100,145,0.946969712
1121754,1178,144649,20-29,2,16,328272,35,55.99000025,2,1,3,10,100,110,1.964636533
1121755,1178,144649,20-29,2,16,178455,20,31.5400002,6,3,9,30,300,330,10.46290418
1121756,1178,144649,20-29,2,16,705712,98,147.339999,6,1,7,30,100,130,0.882313023
1121758,1178,144650,20-29,2,18,690373,91,159.5700021,5,2,7,25,200,225,1.410039463
1121759,1178,144650,20-29,2,18,515812,69,117.6299995,3,1,4,15,100,115,0.977641762
1121760,1178,144650,20-29,2,18,764793,101,171.9799976,4,2,6,20,200,220,1.279218532
1121763,1178,144651,20-29,2,19,87832,11,18.10000038,1,1,2,5,100,105,5.801104851
1121764,1178,144651,20-29,2,19,23368,3,4.300000191,1,0,1,5,0,5,1.162790646
1121765,1178,144651,20-29,2,19,51509,7,11.57000005,1,0,1,5,0,5,0.432152116
1121767,1178,144651,20-29,2,19,87043,16,24.48000002,2,0,2,10,0,10,0.408496732
1121768,1178,144651,20-29,2,19,565565,113,169.6699982,7,4,11,35,400,435,2.563800345
1121769,1178,144652,20-29,2,20,253758,43,62.14000034,4,1,5,20,100,120,1.931123259
1121773,1178,144652,20-29,2,20,319131,51,76.68000025,6,1,7,30,100,130,1.695357324
1121774,1178,144652,20-29,2,20,670608,130,195.1499978,11,3,14,55,300,355,1.819113523
1121775,1178,144653,20-29,2,21,159123,25,38.36000013,5,3,8,25,300,325,8.47236702
1121776,1178,144653,20-29,2,21,103709,15,24.56999969,3,1,4,15,100,115,4.68050474
1121779,1178,144653,20-29,2,21,271589,45,74.41000032,9,3,12,45,300,345,4.636473572
1121780,1178,144653,20-29,2,21,119772,20,33.46999907,5,2,7,25,200,225,6.722438191
1121782,1178,144654,20-29,2,22,26340,3,4.220000029,1,1,2,5,100,105,24.88151642
1121783,1178,144654,20-29,2,22,594968,111,147.6700006,4,0,4,20,0,20,0.135437123
1121793,1178,144656,20-29,2,24,185665,39,62.14000058,1,0,1,5,0,5,0.080463469
1121795,1178,144656,20-29,2,24,24959,3,4.560000062,1,1,2,5,100,105,23.02631548
1121796,1178,144656,20-29,2,24,136967,23,35.05999982,3,1,4,15,100,115,3.280091289
1121798,1178,144656,20-29,2,24,107548,19,29.31000018,1,0,1,5,0,5,0.170590241
1121803,1178,144657,20-29,2,25,588617,119,169.9199973,2,0,2,10,0,10,0.058851225
1121806,1178,144658,20-29,2,26,190560,26,41.63,3,1,4,15,100,115,2.762430939
1121807,1178,144658,20-29,2,26,373110,49,75.70000076,4,2,6,20,200,220,2.906208689
1121812,1178,144659,20-29,2,27,935646,170,256.4699982,19,6,25,95,600,695,2.70986862
1121814,1178,144659,20-29,2,27,2223278,421,612.3000032,38,13,51,190,1300,1490,2.433447644
1121815,1178,144659,20-29,2,27,240497,36,51.84000087,1,0,1,5,0,5,0.096450616
1121816,1178,144659,20-29,2,27,259984,37,54.7900002,5,0,5,25,0,25,0.456287642
1121817,1178,144660,20-29,2,28,606786,127,179.050001,11,3,14,55,300,355,1.982686389
1121818,1178,144660,20-29,2,28,83270,13,17.74000001,1,0,1,5,0,5,0.281848929
1121819,1178,144660,20-29,2,28,1189509,268,375.7199963,7,3,10,35,300,335,0.891621429
1121820,1178,144660,20-29,2,28,11471,1,1.570000052,0,0,0,0,0,0,0
1121824,1178,144661,20-29,2,29,1705246,295,429.4799981,23,10,33,115,1000,1115,2.596162813
1121826,1178,144661,20-29,2,29,418016,63,95.8500005,3,1,4,15,100,115,1.199791334
1121827,1178,144661,20-29,2,29,30155,3,3.819999933,1,0,1,5,0,5,1.308900547
1121828,1178,144661,20-29,2,29,990404,153,226.5399992,12,6,18,60,600,660,2.913392789
1121829,1178,144662,20-29,2,30,187468,34,50.72000062,2,1,3,10,100,110,2.16876969
1121832,1178,144662,20-29,2,30,208301,33,54.57000089,1,0,1,5,0,5,0.091625434
1121833,1178,144662,20-29,2,30,101856,16,25.22000039,4,1,5,20,100,120,4.758128396
1121835,1178,144663,20-29,2,31,48935,7,9.970000267,1,1,2,5,100,105,10.5315945
1121839,1178,144663,20-29,2,31,13911,1,1.730000019,1,1,2,5,100,105,60.69364095
1121841,1178,144664,20-29,2,32,511726,77,123.0900019,8,4,12,40,400,440,3.574620141
1121843,1178,144664,20-29,2,32,177452,24,37.83000016,2,0,2,10,0,10,0.264340469
1121844,1178,144664,20-29,2,32,149808,20,33.03999937,1,1,2,5,100,105,3.177966162
1121845,1178,144664,20-29,2,32,390339,60,105.0199997,9,6,15,45,600,645,6.141687315
1121847,1178,144665,20-29,2,36,39339,4,5.929999948,1,0,1,5,0,5,0.843170328
1121855,1178,144666,20-29,2,63,24893,2,3.75,1,0,1,5,0,5,1.333333333
1121856,1178,144666,20-29,2,63,1296189,212,343.2599944,14,4,18,70,400,470,1.369224517
1121857,1178,144666,20-29,2,63,91607,12,19.1899997,2,1,3,10,100,110,5.732152252
1121859,1178,144667,20-29,2,64,238036,38,61.02999771,6,3,9,30,300,330,5.407177001
1121860,1178,144667,20-29,2,64,254344,35,56.16999996,2,1,3,10,100,110,1.958340753
1121861,1178,144667,20-29,2,64,157705,23,39.23000026,2,0,2,10,0,10,0.254906957
1121862,1178,144667,20-29,2,64,411571,60,99.1799984,6,1,7,30,100,130,1.310748156
1121863,1178,144667,20-29,2,64,94136,11,16.17999971,1,0,1,5,0,5,0.309023491
1121867,1178,144668,20-29,2,65,82640,16,23.97000039,1,1,2,5,100,105,4.380475523
1121869,1178,144668,20-29,2,65,17870,2,2.620000005,1,1,2,5,100,105,40.0763358
1121871,1178,144669,20-29,2,2,19178,2,2.779999971,1,1,2,5,100,105,37.76978457
1121874,1178,144669,20-29,2,2,145548,28,42.37000036,2,1,3,10,100,110,2.596176518
1121876,1178,144669,20-29,2,2,82455,15,22.04999971,1,0,1,5,0,5,0.226757373
1121877,1178,144670,20-29,2,7,44189,7,10.31999981,2,0,2,10,0,10,0.968992266
1121878,1178,144670,20-29,2,7,45199,7,9.809999943,1,0,1,5,0,5,0.509683999
1121881,1178,144670,20-29,2,7,221843,43,63.45000076,5,0,5,25,0,25,0.394011028
1121888,1178,144671,20-29,2,66,41672,6,10.54999995,2,1,3,10,100,110,10.42654033
1121889,1178,144672,30-39,2,10,127546,25,38.94000041,2,0,2,10,0,10,0.256805339
1121890,1178,144672,30-39,2,10,127865,28,38.02999961,3,1,4,15,100,115,3.023928509
1121891,1178,144672,30-39,2,10,1025327,229,314.2999983,16,2,18,80,200,280,0.890868602
1121894,1178,144672,30-39,2,10,561415,124,173.76,3,0,3,15,0,15,0.086325967
1121895,1178,144673,30-39,2,15,132803,25,37.32000124,2,1,3,10,100,110,2.947481145
1121897,1178,144673,30-39,2,15,24664,2,2.629999995,1,1,2,5,100,105,39.92395445
1121901,1178,144674,30-39,2,16,1020561,172,263.8100007,7,3,10,35,300,335,1.2698533
1121902,1178,144674,30-39,2,16,682143,114,177.1099993,6,2,8,30,200,230,1.298627976
1121903,1178,144674,30-39,2,16,1247717,222,343.4199994,11,4,15,55,400,455,1.324908278
1121904,1178,144674,30-39,2,16,146406,23,33.22999942,1,1,2,5,100,105,3.159795421
1121905,1178,144674,30-39,2,16,905699,161,234.6599982,4,1,5,20,100,120,0.511378168
1121906,1178,144674,30-39,2,16,1184580,194,297.8299981,14,3,17,70,300,370,1.242319452
1121907,1178,144675,30-39,2,18,98057,20,31.00999963,1,1,2,5,100,105,3.386004555
1121917,1178,144676,30-39,2,19,238735,56,84.65999889,4,1,5,20,100,120,1.417434462
1121918,1178,144676,30-39,2,19,320657,77,115.8800026,2,0,2,10,0,10,0.086296167
1121925,1178,144678,30-39,2,21,244074,57,84.51000023,4,2,6,20,200,220,2.603242213
1121928,1178,144678,30-39,2,21,39146,8,13.05999959,1,0,1,5,0,5,0.382848404
1121931,1178,144679,30-39,2,22,78468,15,23.64999962,1,0,1,5,0,5,0.211416494
1121933,1178,144679,30-39,2,22,325653,63,89.35000026,2,0,2,10,0,10,0.111919418
1121935,1178,144679,30-39,2,22,66277,12,17.30000019,1,0,1,5,0,5,0.289017338
1121936,1178,144679,30-39,2,22,93002,16,23.33999968,1,0,1,5,0,5,0.21422451
1121944,1178,144681,30-39,2,24,109723,27,40.9600004,1,0,1,5,0,5,0.122070311
1121948,1178,144681,30-39,2,24,118941,35,50.11000001,4,1,5,20,100,120,2.39473159
1121949,1178,144682,30-39,2,25,221576,47,66.79000068,6,1,7,30,100,130,1.946399142
1121953,1178,144682,30-39,2,25,8341,1,1.639999986,1,0,1,5,0,5,3.048780514
1121954,1178,144682,30-39,2,25,120335,26,36.2299993,2,0,2,10,0,10,0.276014358
1121955,1178,144683,30-39,2,26,182098,40,62.86999989,1,1,2,5,100,105,1.670112934
1121956,1178,144683,30-39,2,26,227473,52,71.58000052,1,1,2,5,100,105,1.466890182
1121962,1178,144684,30-39,2,27,1050947,230,350.5099957,6,1,7,30,100,130,0.370888139
1121963,1178,144684,30-39,2,27,720859,162,213.6899986,13,5,18,65,500,565,2.644017051
1121971,1178,144685,30-39,2,28,41111,8,10.96000016,1,0,1,5,0,5,0.456204373
1121973,1178,144686,30-39,2,29,148616,25,37.39999962,6,4,10,30,400,430,11.49732632
1121976,1178,144686,30-39,2,29,707260,135,210.8200028,13,6,19,65,600,665,3.15434964
1121977,1178,144686,30-39,2,29,139596,26,42.41000032,1,1,2,5,100,105,2.475831153
1121983,1178,144687,30-39,2,30,105399,22,33.19999933,2,0,2,10,0,10,0.301204825
1121994,1178,144689,30-39,2,32,222378,50,72.91000104,1,0,1,5,0,5,0.068577698
1122003,1178,144691,30-39,2,63,975792,210,293.8800011,10,4,14,50,400,450,1.531237234
1122004,1178,144691,30-39,2,63,579150,125,167.0499997,5,1,6,25,100,125,0.74827896
1122005,1178,144691,30-39,2,63,449588,81,123.800001,5,2,7,25,200,225,1.817447481
1122006,1178,144691,30-39,2,63,318157,56,85.70000196,3,0,3,15,0,15,0.175029168
1122007,1178,144691,30-39,2,63,196967,43,65.17999971,2,1,3,10,100,110,1.687634251
1122011,1178,144692,30-39,2,64,158298,37,46.43000007,4,1,5,20,100,120,2.584535857
1122012,1178,144692,30-39,2,64,222739,55,68.55999959,5,2,7,25,200,225,3.281796986
1122022,1178,144694,30-39,2,2,20780,5,8.189999938,1,0,1,5,0,5,0.610500615
1122027,1178,144695,30-39,2,7,128616,33,48.54999948,2,0,2,10,0,10,0.205973226
1122039,1178,144697,40-49,2,10,258954,61,82.27999902,1,0,1,5,0,5,0.06076811
1122040,1178,144697,40-49,2,10,205289,48,71.53000104,3,0,3,15,0,15,0.20970222
1122041,1178,144697,40-49,2,10,611601,138,191.419996,8,3,11,40,300,340,1.776198971
1122043,1178,144697,40-49,2,10,947657,233,321.8700004,8,4,12,40,400,440,1.367011525
1122044,1178,144697,40-49,2,10,233043,49,65.03000033,2,0,2,10,0,10,0.15377518
1122047,1178,144698,40-49,2,15,582725,142,194.8099988,9,2,11,45,200,245,1.257635653
1122052,1178,144699,40-49,2,16,265038,51,78.45999932,2,1,3,10,100,110,1.401988286
1122054,1178,144699,40-49,2,16,222273,39,53.62999868,6,1,7,30,100,130,2.424016468
1122055,1178,144699,40-49,2,16,797234,170,243.7699978,4,1,5,20,100,120,0.492267306
1122056,1178,144699,40-49,2,16,925555,182,262.8899981,4,2,6,20,200,220,0.836851921
1122058,1178,144700,40-49,2,18,22210,3,4.050000191,1,1,2,5,100,105,25.9259247
1122075,1178,144703,40-49,2,21,46391,11,16.40999985,3,1,4,15,100,115,7.007922063
1122078,1178,144703,40-49,2,21,190477,42,66.38999987,1,0,1,5,0,5,0.075312547
1122079,1178,144703,40-49,2,21,25382,7,9.609999895,1,0,1,5,0,5,0.520291369
1122085,1178,144704,40-49,2,22,65726,17,22.12000012,2,0,2,10,0,10,0.452079564
1122089,1178,144705,40-49,2,23,195220,51,78.06000042,1,0,1,5,0,5,0.064053292
1122092,1178,144705,40-49,2,23,107501,27,40.87999928,2,2,4,10,200,210,5.136986392
1122101,1178,144707,40-49,2,25,197772,63,88.21000016,7,2,9,35,200,235,2.664097036
1122102,1178,144707,40-49,2,25,138154,35,48.93999863,1,0,1,5,0,5,0.10216592
1122103,1178,144707,40-49,2,25,270124,69,95.84999895,2,0,2,10,0,10,0.104329683
1122105,1178,144708,40-49,2,26,303971,77,106.9299998,11,6,17,55,600,655,6.125502677
1122107,1178,144708,40-49,2,26,682046,183,254.419997,4,2,6,20,200,220,0.864711904
1122109,1178,144708,40-49,2,26,328365,83,117.3400005,2,1,3,10,100,110,0.937446732
1122112,1178,144709,40-49,2,27,1083259,276,390.2599992,11,0,11,55,0,55,0.140931687
1122113,1178,144709,40-49,2,27,913929,245,340.4099993,7,2,9,35,200,235,0.690343998
1122118,1178,144710,40-49,2,28,101586,24,33.47000039,2,1,3,10,100,110,3.286525208
1122120,1178,144710,40-49,2,28,181053,46,66.27999985,3,1,4,15,100,115,1.735063371
1122121,1178,144710,40-49,2,28,133419,35,48.18000007,2,1,3,10,100,110,2.28310502
1122125,1178,144711,40-49,2,29,489573,113,156.1199993,3,2,5,15,200,215,1.377145791
1122127,1178,144711,40-49,2,29,822023,194,288.3300035,6,0,6,30,0,30,0.104047444
1122131,1178,144712,40-49,2,30,93176,29,40.37000024,1,1,2,5,100,105,2.600941278
1122138,1178,144713,40-49,2,31,47229,13,19.27999985,1,0,1,5,0,5,0.259336102
1122139,1178,144713,40-49,2,31,92263,24,34.03000015,1,0,1,5,0,5,0.146929179
1122140,1178,144713,40-49,2,31,81551,21,29.67000008,1,0,1,5,0,5,0.168520391
1122145,1178,144714,40-49,2,32,141037,32,47.78999913,3,0,3,15,0,15,0.313873201
1122146,1178,144714,40-49,2,32,319501,79,111.6500003,0,0,0,0,0,0,0
1122149,1178,144715,40-49,2,36,72741,19,24.33000016,2,0,2,10,0,10,0.411015205
1122154,1178,144716,40-49,2,63,597419,135,188.5100002,2,1,3,10,100,110,0.58352342
1122157,1178,144716,40-49,2,63,98768,21,33.14000034,1,1,2,5,100,105,3.168376552
1122160,1178,144717,40-49,2,64,173165,41,59.85000026,1,0,1,5,0,5,0.083542188
1122165,1178,144718,40-49,2,65,55823,13,21.10999966,1,1,2,5,100,105,4.973946077
1122166,1178,144718,40-49,2,65,118451,28,38.35000062,4,1,5,20,100,120,3.129074265
1122176,1178,144719,40-49,2,2,74424,22,30.84000027,1,1,2,5,100,105,3.404669231
1122177,1178,144720,40-49,2,7,47929,12,14.58999991,1,1,2,5,100,105,7.19671012
1122182,1178,144720,40-49,2,7,40801,12,15.91999972,0,0,0,0,0,0,0
1122183,1178,144721,40-49,2,66,66017,17,24.22000015,1,0,1,5,0,5,0.206440957
1122189,1178,144722,50-59,2,10,725043,179,238.4000007,5,3,8,25,300,325,1.36325503
1122191,1178,144722,50-59,2,10,382776,97,132.7300007,5,1,6,25,100,125,0.941761466
1122192,1178,144722,50-59,2,10,548250,137,201.6000042,5,1,6,25,100,125,0.62003967
1122193,1178,144722,50-59,2,10,1358324,346,465.0799981,8,2,10,40,200,240,0.516040253
1122197,1178,144723,50-59,2,15,662249,163,234.9399992,2,0,2,10,0,10,0.042564059
1122200,1178,144723,50-59,2,15,559554,139,195.0799994,2,0,2,10,0,10,0.051261021
1122201,1178,144724,50-59,2,16,320757,68,104.6899989,2,0,2,10,0,10,0.095520108
1122202,1178,144724,50-59,2,16,906151,202,295.5499957,1,0,1,5,0,5,0.016917611
1122203,1178,144724,50-59,2,16,699314,164,226.0300014,3,0,3,15,0,15,0.066362872
1122204,1178,144724,50-59,2,16,850337,198,287.690003,3,1,4,15,100,115,0.399735823
1122205,1178,144724,50-59,2,16,1015460,247,315.9000051,9,2,11,45,200,245,0.775561874
1122209,1178,144725,50-59,2,18,890295,227,332.9899989,1,0,1,5,0,5,0.015015466
1122210,1178,144725,50-59,2,18,791817,194,282.490001,4,2,6,20,200,220,0.778788627
1122211,1178,144725,50-59,2,18,317601,76,115.6600008,1,0,1,5,0,5,0.043230157
1122212,1178,144725,50-59,2,18,685211,164,247.3200026,4,3,7,20,300,320,1.293870276
1122213,1178,144726,50-59,2,19,32781,7,11.20000017,2,2,4,10,200,210,18.74999972
1122216,1178,144726,50-59,2,19,76785,19,25.45999998,3,0,3,15,0,15,0.589159466
1122217,1178,144726,50-59,2,19,719083,206,299.5299983,12,5,17,60,500,560,1.869595711
1122223,1178,144727,50-59,2,20,368480,107,140.4200011,5,4,9,25,400,425,3.026634359
1122224,1178,144727,50-59,2,20,260945,73,100.8800011,2,2,4,10,200,210,2.081681183
1122225,1178,144728,50-59,2,21,40998,10,13.35000038,1,0,1,5,0,5,0.374531825
1122227,1178,144728,50-59,2,21,183293,53,73.74999964,2,1,3,10,100,110,1.491525431
1122232,1178,144729,50-59,2,22,221561,55,76.75999916,1,0,1,5,0,5,0.065138093
1122233,1178,144729,50-59,2,22,436943,109,145.8199974,1,1,2,5,100,105,0.720065847
1122240,1178,144730,50-59,2,23,284488,90,125.2700011,1,1,2,5,100,105,0.838189503
1122244,1178,144731,50-59,2,24,85083,32,38.62999976,1,1,2,5,100,105,2.718094762
1122246,1178,144731,50-59,2,24,14167,5,7.139999986,1,0,1,5,0,5,0.700280113
1122249,1178,144732,50-59,2,25,300637,84,116.9899981,2,0,2,10,0,10,0.085477393
1122253,1178,144732,50-59,2,25,449921,129,175.9700005,5,1,6,25,100,125,0.710348353
1122254,1178,144732,50-59,2,25,282899,71,105.6600007,1,0,1,5,0,5,0.047321597
1122257,1178,144733,50-59,2,26,669671,186,259.1799988,4,1,5,20,100,120,0.46299869
1122258,1178,144733,50-59,2,26,108655,28,46.92000186,1,0,1,5,0,5,0.106564361
1122260,1178,144733,50-59,2,26,536248,146,187.7399978,3,0,3,15,0,15,0.079897732
1122262,1178,144734,50-59,2,27,1055017,265,380.6599952,16,2,18,80,200,280,0.735564555
1122265,1178,144734,50-59,2,27,1428421,367,541.7000023,10,0,10,50,0,50,0.092302012
1122266,1178,144734,50-59,2,27,1088027,272,409.5600026,9,4,13,45,400,445,1.086531881
1122267,1178,144735,50-59,2,28,288517,78,102.3900002,3,0,3,15,0,15,0.146498681
1122268,1178,144735,50-59,2,28,202231,53,67.13000107,3,1,4,15,100,115,1.713093969
1122270,1178,144735,50-59,2,28,73222,16,22.86000025,1,0,1,5,0,5,0.218722657
1122271,1178,144735,50-59,2,28,348542,96,134.889999,2,0,2,10,0,10,0.07413448
1122273,1178,144736,50-59,2,29,1097966,266,369.069997,16,8,24,80,800,880,2.384371548
1122274,1178,144736,50-59,2,29,526923,138,198.0899972,2,1,3,10,100,110,0.555303153
1122276,1178,144736,50-59,2,29,264386,66,91.00000054,4,1,5,20,100,120,1.318681311
1122277,1178,144736,50-59,2,29,854940,227,297.9100007,8,3,11,40,300,340,1.141284278
1122279,1178,144737,50-59,2,30,113567,34,50.29000044,3,0,3,15,0,15,0.298270031
1122282,1178,144737,50-59,2,30,22859,6,9.419999838,1,0,1,5,0,5,0.530785572
1122288,1178,144738,50-59,2,31,51754,13,20.51999998,1,0,1,5,0,5,0.243664718
1122290,1178,144738,50-59,2,31,104347,28,38.13999993,4,3,7,20,300,320,8.390141599
1122303,1178,144741,50-59,2,63,391998,97,142.0500025,3,1,4,15,100,115,0.809574079
1122304,1178,144741,50-59,2,63,1111156,282,402.3000026,5,0,5,25,0,25,0.062142679
1122308,1178,144741,50-59,2,63,427772,117,159.299999,3,1,4,15,100,115,0.721908354
1122310,1178,144742,50-59,2,64,536457,136,193.6599991,2,1,3,10,100,110,0.568005786
1122311,1178,144742,50-59,2,64,179894,43,66.83999872,2,0,2,10,0,10,0.149611014
1122312,1178,144742,50-59,2,64,479882,131,178.6700007,6,0,6,30,0,30,0.167907315
1122313,1178,144742,50-59,2,64,358261,91,130.3600011,1,0,1,5,0,5,0.038355323
1122316,1178,144743,50-59,2,65,346688,88,114.8599998,2,0,2,10,0,10,0.087062511
1314296,1178,179863,20-29,1,100,33445,2,3.199999928,1,0,1,5,0,5,1.562500035
1314297,1178,179864,20-29,1,101,72228,5,7.529999852,4,4,8,20,400,420,55.77689353
1314298,1178,179865,20-29,1,102,49699,2,2.690000057,2,1,3,10,100,110,40.89219244
1314299,1178,179866,20-29,1,103,189761,18,27.32999969,4,1,5,20,100,120,4.390779413
1314301,1178,179868,20-29,1,105,312524,37,53.78999972,2,0,2,10,0,10,0.185908162
1314303,1178,179870,20-29,1,107,496760,42,61.00999904,10,3,13,50,300,350,5.736764555
1314306,1178,179873,20-29,1,110,310988,34,46.66999936,11,3,14,55,300,355,7.606599633
1314307,1178,179874,20-29,1,111,98606,9,12.10999984,1,0,1,5,0,5,0.412881921
1314308,1178,179875,20-29,1,112,51104,2,3.199999928,3,1,4,15,100,115,35.93750081
1314309,1178,179876,20-29,1,113,276762,22,32.09000015,5,1,6,25,100,125,3.895294466
1314312,1178,179879,30-39,1,101,33534,2,2.960000038,1,1,2,5,100,105,35.47297252
1314313,1178,179880,30-39,1,102,128859,16,23.69999957,1,0,1,5,0,5,0.210970468
1314314,1178,179881,30-39,1,103,92080,12,16.94000018,3,2,5,15,200,215,12.69185347
1314316,1178,179883,30-39,1,105,211882,33,46.64999926,3,1,4,15,100,115,2.46516617
1314318,1178,179885,30-39,1,107,112776,9,12.67999995,1,0,1,5,0,5,0.394321768
1314319,1178,179886,30-39,1,108,145324,14,19.82000005,2,1,3,10,100,110,5.549949532
1314320,1178,179887,30-39,1,109,106492,14,21.26000023,2,0,2,10,0,10,0.470366881
1314321,1178,179888,30-39,1,110,233845,30,40.73000062,3,0,3,15,0,15,0.368278904
1314323,1178,179890,30-39,1,112,155426,17,25.01000023,3,0,3,15,0,15,0.59976009
1314324,1178,179891,30-39,1,113,97540,8,11.5199995,2,1,3,10,100,110,9.548611526
1314325,1178,179892,30-39,1,114,61441,5,7.700000048,1,0,1,5,0,5,0.649350645
1314326,1178,179893,40-49,1,100,76703,9,12.14999962,3,1,4,15,100,115,9.465020872
1314327,1178,179894,40-49,1,101,68619,10,14.96000034,1,0,1,5,0,5,0.334224591
1314330,1178,179897,40-49,1,104,17559,1,1.49000001,1,1,2,5,100,105,70.46979818
1314331,1178,179898,40-49,1,105,137879,19,28.47000003,2,0,2,10,0,10,0.351246926
1314332,1178,179899,40-49,1,106,67710,10,15.14999998,1,0,1,5,0,5,0.330033004
1314333,1178,179900,40-49,1,107,348180,41,60.22999907,3,1,4,15,100,115,1.909347531
1314334,1178,179901,40-49,1,108,146246,18,28.71999955,3,1,4,15,100,115,4.004178336
1314336,1178,179903,40-49,1,110,187236,24,34.86999965,2,2,4,10,200,210,6.022368859
1314337,1178,179904,40-49,1,111,72157,9,13.50000036,1,1,2,5,100,105,7.77777757
1314338,1178,179905,40-49,1,112,91180,10,13.55999994,1,0,1,5,0,5,0.368731565
1314339,1178,179906,40-49,1,113,86293,6,9.259999871,1,1,2,5,100,105,11.33909303
1314341,1178,179908,50-59,1,100,101410,12,17.94000006,4,0,4,20,0,20,1.114827198
1314343,1178,179910,50-59,1,102,134245,18,25.75000024,2,1,3,10,100,110,4.27184462
1314345,1178,179912,50-59,1,104,125650,20,30.08000076,4,0,4,20,0,20,0.6648936
1314346,1178,179913,50-59,1,105,50406,5,7.26000011,1,1,2,5,100,105,14.4628097
1314348,1178,179915,50-59,1,107,121769,13,18.41999996,2,1,3,10,100,110,5.971769828
1314349,1178,179916,50-59,1,108,267106,34,50.5,4,1,5,20,100,120,2.376237624
1314350,1178,179917,50-59,1,109,365539,57,82.13999915,5,2,7,25,200,225,2.739225741
1314351,1178,179918,50-59,1,110,188758,25,36.60000038,2,1,3,10,100,110,3.00546445
1314353,1178,179920,50-59,1,112,108426,13,19.58000016,1,0,1,5,0,5,0.255362613
1314354,1178,179921,50-59,1,113,138525,9,13.65000045,3,0,3,15,0,15,1.098901063
1314355,1178,179922,50-59,1,114,150858,21,30.26000011,1,0,1,5,0,5,0.165234633
1314357,1178,179924,20-29,2,101,524306,81,113.6800029,10,4,14,50,400,450,3.958479843
1314358,1178,179925,20-29,2,102,104496,9,11.42999983,3,2,5,15,200,215,18.81014901
1314359,1178,179926,20-29,2,103,452519,68,99.52000237,7,2,9,35,200,235,2.361334349
1314360,1178,179927,20-29,2,104,442919,76,110.7800021,21,2,23,105,200,305,2.753204497
1314361,1178,179928,20-29,2,105,596831,86,120.8799992,11,0,11,55,0,55,0.454996694
1314362,1178,179929,20-29,2,106,173912,26,35.54000032,2,1,3,10,100,110,3.09510408
1314363,1178,179930,20-29,2,107,780967,86,119.6400018,20,4,24,100,400,500,4.179204217
1314364,1178,179931,20-29,2,108,132124,8,11.18999994,4,0,4,20,0,20,1.787310108
1314365,1178,179932,20-29,2,109,623137,100,138.9200006,12,1,13,60,100,160,1.151742005
1314366,1178,179933,20-29,2,110,99020,10,14.48000044,4,1,5,20,100,120,8.287292566
1314367,1178,179934,20-29,2,111,665817,117,163.8000002,23,9,32,115,900,1015,6.196581189
1314368,1178,179935,20-29,2,112,699232,80,111.9899995,12,3,15,60,300,360,3.214572744
1314371,1178,179938,30-39,2,100,72982,11,15.04999995,1,0,1,5,0,5,0.332225915
1314372,1178,179939,30-39,2,101,975884,167,237.3199975,14,3,17,70,300,370,1.559076369
1314373,1178,179940,30-39,2,102,245607,33,47.87999952,3,1,4,15,100,115,2.401837952
1314377,1178,179944,30-39,2,106,485369,114,164.6400015,3,0,3,15,0,15,0.091107871
1314378,1178,179945,30-39,2,107,866355,139,200.8299961,11,5,16,55,500,555,2.763531399
1314379,1178,179946,30-39,2,108,502710,72,105.2199969,8,2,10,40,200,240,2.280935251
1314380,1178,179947,30-39,2,109,475184,88,127.3200028,4,1,5,20,100,120,0.942507048
1314381,1178,179948,30-39,2,110,357401,47,68.67000008,8,1,9,40,100,140,2.038735981
1314382,1178,179949,30-39,2,111,99810,14,20.05000019,2,0,2,10,0,10,0.498753112
1314383,1178,179950,30-39,2,112,81569,6,9.409999967,3,1,4,15,100,115,12.22104149
1314384,1178,179951,30-39,2,113,441192,53,77.59999979,6,2,8,30,200,230,2.963917534
1314385,1178,179952,30-39,2,114,90470,11,16.73000002,1,1,2,5,100,105,6.27615062
1314386,1178,179953,40-49,2,100,834243,166,246.7499975,18,7,25,90,700,790,3.201621106
1314387,1178,179954,40-49,2,101,696612,152,223.1899948,31,9,40,155,900,1055,4.726914398
1314388,1178,179955,40-49,2,102,329333,48,67.60999918,1,0,1,5,0,5,0.073953558
1314389,1178,179956,40-49,2,103,1114711,224,319.0000019,6,0,6,30,0,30,0.094043887
1314390,1178,179957,40-49,2,104,267316,58,82.92999887,3,0,3,15,0,15,0.18087544
1314391,1178,179958,40-49,2,105,228629,38,57,2,0,2,10,0,10,0.175438596
1314392,1178,179959,40-49,2,106,758340,159,233.110002,13,4,17,65,400,465,1.994766402
1314393,1178,179960,40-49,2,107,877535,149,217.7799966,5,2,7,25,200,225,1.033152739
1314394,1178,179961,40-49,2,108,1357386,223,323.0600071,10,1,11,50,100,150,0.464310025
1314395,1178,179962,40-49,2,109,280240,61,87.99000168,2,2,4,10,200,210,2.386634799
1314396,1178,179963,40-49,2,110,419922,75,105.4500008,3,1,4,15,100,115,1.09056424
1314397,1178,179964,40-49,2,111,402975,83,120.8999977,1,0,1,5,0,5,0.041356494
1314398,1178,179965,40-49,2,112,1137635,211,301.0499992,30,10,40,150,1000,1150,3.819963471
1314400,1178,179967,40-49,2,114,250234,40,62.31999922,4,1,5,20,100,120,1.925545595
1314401,1178,179968,50-59,2,100,904907,195,279.219995,11,1,12,55,100,155,0.555117838
1314402,1178,179969,50-59,2,101,589270,107,158.0500023,10,4,14,50,400,450,2.847200212
1314403,1178,179970,50-59,2,102,168714,24,36.01000071,2,2,4,10,200,210,5.831713298
1314404,1178,179971,50-59,2,103,71982,11,16.34000051,1,0,1,5,0,5,0.305997542
1314405,1178,179972,50-59,2,104,558666,110,162.6399975,14,5,19,70,500,570,3.504672951
1314406,1178,179973,50-59,2,105,1118200,235,333.7499943,11,4,15,55,400,455,1.363295903
1314407,1178,179974,50-59,2,106,107100,23,33.71000051,1,0,1,5,0,5,0.148323937
1314408,1178,179975,50-59,2,107,877769,160,232.5900005,13,4,17,65,400,465,1.999226102
1314409,1178,179976,50-59,2,108,212508,33,47.69000006,4,1,5,20,100,120,2.516250783
1314410,1178,179977,50-59,2,109,1129773,252,358.189997,13,2,15,65,200,265,0.739830822
1314411,1178,179978,50-59,2,110,637549,120,173.8800035,3,0,3,15,0,15,0.086266389
1314412,1178,179979,50-59,2,111,151531,28,40.28999949,2,0,2,10,0,10,0.248200549
1314414,1178,179981,50-59,2,113,790253,135,198.7100005,8,2,10,40,200,240,1.207790244
1314415,1178,179982,50-59,2,114,513161,114,165.6099987,5,2,7,25,200,225,1.358613621
